informe,publicado_utc,fecha_datos,filas,resultado,detalle
https://indomet.gob.do/wp-content/uploads/2024/08/temperaturas-extremas-y-precipitaciones-2024x08x05-b.pdf,2024-08-06T16:02:50,2024-08-05,79,guardado,
https://indomet.gob.do/wp-content/uploads/2024/08/temperaturas-extremas-y-precipitaciones-2024x08x04-a.pdf,2024-08-06T16:02:51,2024-08-04,78,guardado,
https://indomet.gob.do/wp-content/uploads/2024/08/temperaturas-extremas-y-precipitaciones-2024x08x03-b.pdf,2024-08-06T16:02:51,2024-08-03,68,guardado,
https://indomet.gob.do/wp-content/uploads/2024/08/temperaturas-extremas-y-precipitaciones-2024x08x02-a.pdf,2024-08-06T16:02:52,2024-08-02,68,guardado,
https://indomet.gob.do/wp-content/uploads/2024/08/temperaturas-extremas-y-precipitaciones-2024x08x01b.pdf,2024-08-06T16:02:52,2024-08-01,77,guardado,
https://indomet.gob.do/wp-content/uploads/2024/08/temperaturas-extremas-y-precipitaciones-2024x07x31-a.pdf,2024-08-06T16:02:53,2024-07-31,80,guardado,
https://indomet.gob.do/wp-content/uploads/2024/08/temperaturas-extremas-y-precipitaciones-2024x07x30-b.pdf,2024-08-06T16:02:53,2024-07-30,82,guardado,
https://indomet.gob.do/wp-content/uploads/2024/08/temperaturas-extremas-y-precipitaciones-2024x07x29b.pdf,2024-08-06T16:02:54,2024-07-28,78,guardado,
https://indomet.gob.do/wp-content/uploads/2024/08/temperaturas-extremas-y-precipitaciones-2024x07x27-a.pdf,2024-08-06T16:02:55,2024-07-27,69,guardado,
https://indomet.gob.do/wp-content/uploads/2024/08/temperaturas-extremas-y-precipitaciones-2024x07x26-b.pdf,2024-08-06T16:02:56,2024-07-26,59,guardado,
https://indomet.gob.do/wp-content/uploads/2024/08/temperaturas-extremas-y-precipitaciones-2024x07x25-a.pdf,2024-08-06T16:02:56,2024-07-25,77,guardado,
https://indomet.gob.do/wp-content/uploads/2024/08/temperaturas-extremas-y-precipitaciones-2024x07x24-b.pdf,2024-08-06T16:02:57,2024-07-24,74,guardado,
https://indomet.gob.do/wp-content/uploads/2024/08/temperaturas-extremas-y-precipitaciones-2024x07x23-a.pdf,2024-08-06T16:02:57,2024-07-23,79,guardado,
https://indomet.gob.do/wp-content/uploads/2024/08/Temperaturas-extremas-y-precipitaciones-22-de-julio-2024.pdf,2024-08-06T16:02:58,2024-07-22,58,guardado,
https://indomet.gob.do/wp-content/uploads/2024/08/temperaturas-extremas-y-precipitaciones-2024x08x03-b-1.pdf,2024-08-06T16:06:04,2024-08-03,68,guardado,
https://indomet.gob.do/wp-content/uploads/2025/03/temperaturas-extremas-y-precipitaciones-2025x03x11-a.pdf,2025-03-12T14:51:57,2025-03-11,79,guardado,
https://indomet.gob.do/wp-content/uploads/2025/03/temperaturas-extremas-y-precipitaciones-2025x03x12-a.pdf,2025-03-13T14:19:40,2025-03-12,83,guardado,
https://indomet.gob.do/wp-content/uploads/2025/03/temperaturas-extremas-y-precipitaciones-2025x03x13-a.pdf,2025-03-14T14:59:04,2025-03-13,78,guardado,
https://indomet.gob.do/wp-content/uploads/2025/03/temperaturas-extremas-y-precipitaciones-2025x03x14-a.pdf,2025-03-15T16:00:41,2025-03-14,71,guardado,
https://indomet.gob.do/wp-content/uploads/2025/03/temperaturas-extremas-y-precipitaciones-2025x03x15-a.pdf,2025-03-16T15:47:54,2025-03-15,73,guardado,
https://indomet.gob.do/wp-content/uploads/2025/03/temperaturas-extremas-y-precipitaciones-2025x03x25-a.pdf,2025-03-26T15:27:20,2025-03-25,77,guardado,
https://indomet.gob.do/wp-content/uploads/2025/03/temperaturas-extremas-y-precipitaciones-2025x03x26-a.pdf,2025-03-27T14:27:57,2025-03-26,73,guardado,
https://indomet.gob.do/wp-content/uploads/2025/03/temperaturas-extremas-y-precipitaciones-2025x03x27-a.pdf,2025-03-28T15:13:20,2025-03-27,83,guardado,
https://indomet.gob.do/wp-content/uploads/2025/03/temperaturas-extremas-y-precipitaciones-2025x03x28-a.pdf,2025-03-29T14:20:20,2025-03-28,73,guardado,
https://indomet.gob.do/wp-content/uploads/2025/03/temperaturas-extremas-y-precipitaciones-2025x03x28-b.pdf,2025-03-29T16:27:18,2025-03-28,76,guardado,
https://indomet.gob.do/wp-content/uploads/2025/03/temperaturas-extremas-y-precipitaciones-2025x03x30-a.pdf,2025-03-31T14:37:55,2025-03-30,79,guardado,
https://indomet.gob.do/wp-content/uploads/2025/04/temperaturas-extremas-y-precipitaciones-2025x03x29-a.pdf,2025-04-01T13:39:43,2025-03-29,70,guardado,
https://indomet.gob.do/wp-content/uploads/2025/04/temperaturas-extremas-y-precipitaciones-2025x03x31-a.pdf,2025-04-01T14:33:56,2025-03-31,81,guardado,
https://indomet.gob.do/wp-content/uploads/2025/04/temperaturas-extremas-y-precipitaciones-2025x04x01-a.pdf,2025-04-03T18:33:51,2025-04-01,79,guardado,
https://indomet.gob.do/wp-content/uploads/2025/04/temperaturas-extremas-y-precipitaciones-2025x04x02-a.pdf,2025-04-03T18:34:27,2025-04-02,80,guardado,
https://indomet.gob.do/wp-content/uploads/2025/04/temperaturas-extremas-y-precipitaciones-2025x04x03-a.pdf,2025-04-05T15:04:27,2025-04-03,80,guardado,
https://indomet.gob.do/wp-content/uploads/2025/04/temperaturas-extremas-y-precipitaciones-2025x04x04-a.pdf,2025-04-05T15:04:42,2025-04-04,73,guardado,
https://indomet.gob.do/wp-content/uploads/2025/04/temperaturas-extremas-y-precipitaciones-2025x04x05-a.pdf,2025-04-06T14:09:57,2025-04-05,71,guardado,
https://indomet.gob.do/wp-content/uploads/2025/04/temperaturas-extremas-y-precipitaciones-2025x04x06-a.pdf,2025-04-07T15:43:38,2025-04-06,81,guardado,
https://indomet.gob.do/wp-content/uploads/2025/04/temperaturas-extremas-y-precipitaciones-2025x04x07-a.pdf,2025-04-08T19:08:52,2025-04-07,74,guardado,
https://indomet.gob.do/wp-content/uploads/2025/04/temperaturas-extremas-y-precipitaciones-2025x04x08-a.pdf,2025-04-09T16:12:47,2025-04-08,72,guardado,
https://indomet.gob.do/wp-content/uploads/2025/04/temperaturas-extremas-y-precipitaciones-2025x04x09-a.pdf,2025-04-10T14:25:21,2025-04-09,74,guardado,
https://indomet.gob.do/wp-content/uploads/2025/04/temperaturas-extremas-y-precipitaciones-2025x04x09-a-1.pdf,2025-04-10T14:27:36,2025-04-09,74,guardado,
https://indomet.gob.do/wp-content/uploads/2025/04/temperaturas-extremas-y-precipitaciones-2025x04x11-a.pdf,2025-04-12T14:10:44,2025-04-11,75,guardado,
https://indomet.gob.do/wp-content/uploads/2025/04/temperaturas-extremas-y-precipitaciones-2025x04x10-a.pdf,2025-04-12T14:12:45,2025-04-10,81,guardado,
https://indomet.gob.do/wp-content/uploads/2025/04/temperaturas-extremas-y-precipitaciones-2025x04x12-a.pdf,2025-04-13T15:13:38,2025-04-12,72,guardado,
https://indomet.gob.do/wp-content/uploads/2025/04/temperaturas-extremas-y-precipitaciones-2025x04x13-a.pdf,2025-04-14T14:20:04,2025-04-13,84,guardado,
https://indomet.gob.do/wp-content/uploads/2025/04/temperaturas-extremas-y-precipitaciones-2025x04x14-a.pdf,2025-04-15T14:51:36,2025-04-14,78,guardado,
https://indomet.gob.do/wp-content/uploads/2025/04/temperaturas-extremas-y-precipitaciones-2025x04x15-a.pdf,2025-04-16T14:22:18,2025-04-15,78,guardado,
https://indomet.gob.do/wp-content/uploads/2025/04/temperaturas-extremas-y-precipitaciones-2025x04x16-a.pdf,2025-04-17T15:08:34,2025-04-16,73,guardado,
https://indomet.gob.do/wp-content/uploads/2025/04/temperaturas-extremas-y-precipitaciones-2025x04x17-a.pdf,2025-04-18T14:24:25,2025-04-17,68,guardado,
https://indomet.gob.do/wp-content/uploads/2025/04/temperaturas-extremas-y-precipitaciones-2025x04x18-a.pdf,2025-04-19T13:59:53,2025-04-18,67,guardado,
https://indomet.gob.do/wp-content/uploads/2025/04/temperaturas-extremas-y-precipitaciones-2025x04x19-a.pdf,2025-04-20T14:39:59,2025-04-19,70,guardado,
https://indomet.gob.do/wp-content/uploads/2025/04/temperaturas-extremas-y-precipitaciones-2025x04x19-a-1.pdf,2025-04-20T14:47:49,2025-04-19,70,guardado,
https://indomet.gob.do/wp-content/uploads/2025/04/temperaturas-extremas-y-precipitaciones-2025x04x19-a-2.pdf,2025-04-20T14:54:48,2025-04-19,70,guardado,
https://indomet.gob.do/wp-content/uploads/2025/04/temperaturas-extremas-y-precipitaciones-2025x04x20-a.pdf,2025-04-21T14:29:35,2025-04-20,79,guardado,
https://indomet.gob.do/wp-content/uploads/2025/04/temperaturas-extremas-y-precipitaciones-2025x04x21-a.pdf,2025-04-22T15:03:49,2025-04-21,75,guardado,
https://indomet.gob.do/wp-content/uploads/2025/04/temperaturas-extremas-y-precipitaciones-2025x04x22-a.pdf,2025-04-23T14:42:42,2025-04-22,74,guardado,
https://indomet.gob.do/wp-content/uploads/2025/04/temperaturas-extremas-y-precipitaciones-2025x04x23-a.pdf,2025-04-24T14:12:44,2025-04-23,75,guardado,
https://indomet.gob.do/wp-content/uploads/2025/04/temperaturas-extremas-y-precipitaciones-2025x04x23-a-1.pdf,2025-04-24T14:13:20,2025-04-23,75,guardado,
https://indomet.gob.do/wp-content/uploads/2025/04/temperaturas-extremas-y-precipitaciones-2025x04x24-a.pdf,2025-04-25T14:42:47,2025-04-24,75,guardado,
https://indomet.gob.do/wp-content/uploads/2025/04/temperaturas-extremas-y-precipitaciones-2025x04x25-a.pdf,2025-04-26T14:23:18,2025-04-25,69,guardado,
https://indomet.gob.do/wp-content/uploads/2025/04/temperaturas-extremas-y-precipitaciones-2025x04x26-aB.pdf,2025-04-27T15:19:33,2025-04-26,71,guardado,
https://indomet.gob.do/wp-content/uploads/2025/04/temperaturas-extremas-y-precipitaciones-2025x04x27b.pdf,2025-04-28T14:28:37,2025-04-27,77,guardado,
https://indomet.gob.do/wp-content/uploads/2025/04/temperaturas-extremas-y-precipitaciones-2025x04x28-a.pdf,2025-04-29T14:21:11,2025-04-28,74,guardado,
https://indomet.gob.do/wp-content/uploads/2025/04/temperaturas-extremas-y-precipitaciones-2025x04x29-a.pdf,2025-04-30T14:10:57,2025-04-29,76,guardado,
https://indomet.gob.do/wp-content/uploads/2025/05/temperaturas-extremas-y-precipitaciones-2025x04x30-ab.pdf,2025-05-01T15:27:29,2025-04-30,78,guardado,
https://indomet.gob.do/wp-content/uploads/2025/05/temperaturas-extremas-y-precipitaciones-2025x05x01-a.pdf,2025-05-02T14:15:52,2025-05-01,82,guardado,
https://indomet.gob.do/wp-content/uploads/2025/05/temperaturas-extremas-y-precipitaciones-2025x05x01-b.pdf,2025-05-02T15:50:04,2025-05-01,82,guardado,
https://indomet.gob.do/wp-content/uploads/2025/05/temperaturas-extremas-y-precipitaciones-2025x05x02-a.pdf,2025-05-03T14:38:41,2025-05-02,71,guardado,
https://indomet.gob.do/wp-content/uploads/2025/05/temperaturas-extremas-y-precipitaciones-2025x04x29-a.pdf,2025-05-03T19:44:43,,0,ignorado,el documento no trae la tabla diaria
https://indomet.gob.do/wp-content/uploads/2025/05/temperaturas-extremas-y-precipitaciones-2025x05x03-a.pdf,2025-05-04T14:14:22,2025-05-03,72,guardado,
https://indomet.gob.do/wp-content/uploads/2025/05/temperaturas-extremas-y-precipitaciones-2025x05x04-a.pdf,2025-05-05T14:38:37,2025-05-04,72,guardado,
https://indomet.gob.do/wp-content/uploads/2025/05/temperaturas-extremas-y-precipitaciones-2025x05x05-a.pdf,2025-05-06T15:18:52,2025-05-05,77,guardado,
https://indomet.gob.do/wp-content/uploads/2025/05/temperaturas-extremas-y-precipitaciones-2025x05x06-a.pdf,2025-05-07T14:33:24,2025-05-06,76,guardado,
https://indomet.gob.do/wp-content/uploads/2025/05/temperaturas-extremas-y-precipitaciones-2025x05x07-a.pdf,2025-05-08T14:08:35,2025-05-07,74,guardado,
https://indomet.gob.do/wp-content/uploads/2025/05/temperaturas-extremas-y-precipitaciones-2025x05x08-a.pdf,2025-05-09T15:16:39,2025-05-08,72,guardado,
https://indomet.gob.do/wp-content/uploads/2025/05/temperaturas-extremas-y-precipitaciones-2025x05x09-a.pdf,2025-05-10T14:40:14,2025-05-09,72,guardado,
https://indomet.gob.do/wp-content/uploads/2025/05/temperaturas-extremas-y-precipitaciones-2025x05x10-a.pdf,2025-05-11T14:42:16,2025-05-10,68,guardado,
https://indomet.gob.do/wp-content/uploads/2025/05/temperaturas-extremas-y-precipitaciones-2025x05x11-a.pdf,2025-05-12T14:26:45,2025-05-11,80,guardado,
https://indomet.gob.do/wp-content/uploads/2025/05/temperaturas-extremas-y-precipitaciones-2025x05x12-a.pdf,2025-05-13T15:12:48,2025-05-12,75,guardado,
https://indomet.gob.do/wp-content/uploads/2025/05/temperaturas-extremas-y-precipitaciones-2025x05x13-a.pdf,2025-05-14T15:21:33,2025-05-13,77,guardado,
https://indomet.gob.do/wp-content/uploads/2025/05/temperaturas-extremas-y-precipitaciones-2025x05x14-a.pdf,2025-05-15T14:53:46,2025-05-14,74,guardado,
https://indomet.gob.do/wp-content/uploads/2025/05/temperaturas-extremas-y-precipitaciones-2025x05x15-a.pdf,2025-05-16T15:25:53,2025-05-15,78,guardado,
https://indomet.gob.do/wp-content/uploads/2025/05/temperaturas-extremas-y-precipitaciones-2025x05x16-a-1.pdf,2025-05-17T15:59:12,2025-05-16,73,guardado,
https://indomet.gob.do/wp-content/uploads/2025/05/temperaturas-extremas-y-precipitaciones-2025x05x17-a.pdf,2025-05-18T14:18:30,2025-05-17,71,guardado,
https://indomet.gob.do/wp-content/uploads/2025/05/temperaturas-extremas-y-precipitaciones-2025x05x18-a.pdf,2025-05-19T15:16:51,2025-05-18,81,guardado,
https://indomet.gob.do/wp-content/uploads/2025/05/temperaturas-extremas-y-precipitaciones-2025x05x19-a.pdf,2025-05-20T14:25:52,2025-05-19,84,guardado,
https://indomet.gob.do/wp-content/uploads/2025/05/temperaturas-extremas-y-precipitaciones-2025x05x19-a-1.pdf,2025-05-20T14:26:20,2025-05-19,84,guardado,
https://indomet.gob.do/wp-content/uploads/2025/05/temperaturas-extremas-y-precipitaciones-2025x05x20-a.pdf,2025-05-21T14:53:43,2025-05-20,80,guardado,
https://indomet.gob.do/wp-content/uploads/2025/05/temperaturas-extremas-y-precipitaciones-2025x05x21-a.pdf,2025-05-22T14:35:33,2025-05-21,81,guardado,
https://indomet.gob.do/wp-content/uploads/2025/05/temperaturas-extremas-y-precipitaciones-2025x05x22-a.pdf,2025-05-23T18:58:36,2025-05-22,73,guardado,
https://indomet.gob.do/wp-content/uploads/2025/05/temperaturas-extremas-y-precipitaciones-2025x05x23-a.pdf,2025-05-24T14:20:31,2025-05-23,74,guardado,
https://indomet.gob.do/wp-content/uploads/2025/05/temperaturas-extremas-y-precipitaciones-2025x05x24-a.pdf,2025-05-25T15:07:50,2025-05-24,73,guardado,
https://indomet.gob.do/wp-content/uploads/2025/05/temperaturas-extremas-y-precipitaciones-2025x05x25-a.pdf,2025-05-26T15:23:00,2025-05-25,79,guardado,
https://indomet.gob.do/wp-content/uploads/2025/05/temperaturas-extremas-y-precipitaciones-2025x05x27-a.pdf,2025-05-28T14:31:56,2025-05-27,81,guardado,
https://indomet.gob.do/wp-content/uploads/2025/05/temperaturas-extremas-y-precipitaciones-2025x05x26-a.pdf,2025-05-28T14:32:19,2025-05-26,76,guardado,
https://indomet.gob.do/wp-content/uploads/2025/05/temperaturas-extremas-y-precipitaciones-2025x05x28-.pdf,2025-05-29T17:09:29,2025-05-28,77,guardado,
https://indomet.gob.do/wp-content/uploads/2025/05/temperaturas-extremas-y-precipitaciones-2025x05x29-a.pdf,2025-05-30T14:34:51,2025-05-29,77,guardado,
https://indomet.gob.do/wp-content/uploads/2025/05/temperaturas-extremas-y-precipitaciones-2025x05x30-a.pdf,2025-05-31T15:18:27,2025-05-30,74,guardado,
https://indomet.gob.do/wp-content/uploads/2025/06/temperaturas-extremas-y-precipitaciones-2025x05x30-a.pdf,2025-06-01T14:53:26,2025-05-30,74,guardado,
https://indomet.gob.do/wp-content/uploads/2025/06/temperaturas-extremas-y-precipitaciones-2025x05x31-a.pdf,2025-06-01T14:54:01,2025-05-31,72,guardado,
https://indomet.gob.do/wp-content/uploads/2025/06/temperaturas-extremas-y-precipitaciones-2025x06x01-a.pdf,2025-06-03T15:28:34,2025-06-01,76,guardado,
https://indomet.gob.do/wp-content/uploads/2025/06/temperaturas-extremas-y-precipitaciones-2025x06x02-a.pdf,2025-06-03T15:29:27,2025-06-02,81,guardado,
https://indomet.gob.do/wp-content/uploads/2025/06/temperaturas-extremas-y-precipitaciones-2025x06x03-a.pdf,2025-06-04T17:57:27,2025-06-03,79,guardado,
https://indomet.gob.do/wp-content/uploads/2025/06/temperaturas-extremas-y-precipitaciones-2025x06x04-a.pdf,2025-06-05T14:06:56,2025-06-04,80,guardado,
https://indomet.gob.do/wp-content/uploads/2025/06/temperaturas-extremas-y-precipitaciones-2025x06x04-a-1.pdf,2025-06-05T14:07:17,2025-06-04,80,guardado,
https://indomet.gob.do/wp-content/uploads/2025/06/temperaturas-extremas-y-precipitaciones-2025x06x05-aB.pdf,2025-06-07T15:04:29,2025-06-05,76,guardado,
https://indomet.gob.do/wp-content/uploads/2025/06/temperaturas-extremas-y-precipitaciones-2025x06x06-a.pdf,2025-06-07T15:04:43,2025-06-06,74,guardado,
https://indomet.gob.do/wp-content/uploads/2025/06/temperaturas-extremas-y-precipitaciones-2025x06x07-a.pdf,2025-06-09T14:56:53,2025-06-07,71,guardado,
https://indomet.gob.do/wp-content/uploads/2025/06/temperaturas-extremas-y-precipitaciones-2025x06x08-a.pdf,2025-06-09T14:57:05,2025-06-08,80,guardado,
https://indomet.gob.do/wp-content/uploads/2025/06/temperaturas-extremas-y-precipitaciones-2025x06x09-a.pdf,2025-06-10T14:44:19,2025-06-09,77,guardado,
https://indomet.gob.do/wp-content/uploads/2025/06/temperaturas-extremas-y-precipitaciones-2025x06x10-a.pdf,2025-06-11T15:11:23,2025-06-10,82,guardado,
https://indomet.gob.do/wp-content/uploads/2025/06/temperaturas-extremas-y-precipitaciones-2025x06x11-a.pdf,2025-06-13T14:54:58,2025-06-11,82,guardado,
https://indomet.gob.do/wp-content/uploads/2025/06/temperaturas-extremas-y-precipitaciones-2025x06x12-a.pdf,2025-06-13T14:55:14,2025-06-12,76,guardado,
https://indomet.gob.do/wp-content/uploads/2025/06/temperaturas-extremas-y-precipitaciones-2025x06x13-a.pdf,2025-06-14T16:16:49,2025-06-13,70,guardado,
https://indomet.gob.do/wp-content/uploads/2025/06/temperaturas-extremas-y-precipitaciones-2025x06x14-a.pdf,2025-06-15T14:54:46,2025-06-14,73,guardado,
https://indomet.gob.do/wp-content/uploads/2025/06/temperaturas-extremas-y-precipitaciones-2025x06x15-a.pdf,2025-06-17T14:45:24,2025-06-15,79,guardado,
https://indomet.gob.do/wp-content/uploads/2025/06/temperaturas-extremas-y-precipitaciones-2025x06x16-a.pdf,2025-06-17T14:45:51,2025-06-16,83,guardado,
https://indomet.gob.do/wp-content/uploads/2025/06/temperaturas-extremas-y-precipitaciones-2025x06x17-a.pdf,2025-06-18T16:46:33,2025-06-17,77,guardado,
https://indomet.gob.do/wp-content/uploads/2025/06/temperaturas-extremas-y-precipitaciones-2025x06x18-a.pdf,2025-06-19T14:51:33,2025-06-18,72,guardado,
https://indomet.gob.do/wp-content/uploads/2025/06/temperaturas-extremas-y-precipitaciones-2025x06x19-a.pdf,2025-06-21T14:43:53,2025-06-19,77,guardado,
https://indomet.gob.do/wp-content/uploads/2025/06/temperaturas-extremas-y-precipitaciones-2025x06x20-a.pdf,2025-06-21T14:44:23,2025-06-20,73,guardado,
https://indomet.gob.do/wp-content/uploads/2025/06/temperaturas-extremas-y-precipitaciones-2025x06x21-a.pdf,2025-06-22T14:56:53,2025-06-21,72,guardado,
https://indomet.gob.do/wp-content/uploads/2025/06/temperaturas-extremas-y-precipitaciones-2025x06x22-a.pdf,2025-06-23T15:10:44,2025-06-22,81,guardado,
https://indomet.gob.do/wp-content/uploads/2025/06/temperaturas-extremas-y-precipitaciones-2025x06x23-a.pdf,2025-06-24T17:28:14,2025-06-23,77,guardado,
https://indomet.gob.do/wp-content/uploads/2025/06/temperaturas-extremas-y-precipitaciones-2025x06x24-a.pdf,2025-06-25T14:47:11,2025-06-24,85,guardado,
https://indomet.gob.do/wp-content/uploads/2025/06/temperaturas-extremas-y-precipitaciones-2025x06x25-a.pdf,2025-06-26T15:39:28,2025-06-25,75,guardado,
https://indomet.gob.do/wp-content/uploads/2025/06/temperaturas-extremas-y-precipitaciones-2025x06x26-a.pdf,2025-06-27T14:35:45,2025-06-26,77,guardado,
https://indomet.gob.do/wp-content/uploads/2025/06/temperaturas-extremas-y-precipitaciones-2025x06x27-a.pdf,2025-06-29T15:52:43,2025-06-27,68,guardado,
https://indomet.gob.do/wp-content/uploads/2025/06/temperaturas-extremas-y-precipitaciones-2025x06x28-a.pdf,2025-06-29T15:52:58,2025-06-28,74,guardado,
https://indomet.gob.do/wp-content/uploads/2025/06/temperaturas-extremas-y-precipitaciones-2025x06x28-a-1.pdf,2025-06-29T17:55:06,2025-06-28,75,guardado,
https://indomet.gob.do/wp-content/uploads/2025/07/temperaturas-extremas-y-precipitaciones-2025x06x29-a.pdf,2025-07-01T15:16:48,2025-06-29,80,guardado,
https://indomet.gob.do/wp-content/uploads/2025/07/temperaturas-extremas-y-precipitaciones-2025x06x30-a.pdf,2025-07-01T15:17:04,2025-06-30,77,guardado,
https://indomet.gob.do/wp-content/uploads/2025/07/temperaturas-extremas-y-precipitaciones-2025x07x01-a.pdf,2025-07-03T14:51:53,2025-07-01,77,guardado,
https://indomet.gob.do/wp-content/uploads/2025/07/temperaturas-extremas-y-precipitaciones-2025x07x02-a.pdf,2025-07-03T14:52:19,2025-07-02,75,guardado,
https://indomet.gob.do/wp-content/uploads/2025/07/temperaturas-extremas-y-precipitaciones-2025x07x03-a.pdf,2025-07-05T15:04:41,2025-07-03,74,guardado,
https://indomet.gob.do/wp-content/uploads/2025/07/temperaturas-extremas-y-precipitaciones-2025x07x04-a.pdf,2025-07-05T15:04:54,2025-07-04,70,guardado,
https://indomet.gob.do/wp-content/uploads/2025/07/temperaturas-extremas-y-precipitaciones-2025x07x05-a.pdf,2025-07-07T14:36:24,2025-07-05,70,guardado,
https://indomet.gob.do/wp-content/uploads/2025/07/temperaturas-extremas-y-precipitaciones-2025x07x06-a.pdf,2025-07-07T14:36:54,2025-07-06,76,guardado,
https://indomet.gob.do/wp-content/uploads/2025/07/temperaturas-extremas-y-precipitaciones-2025x07x07-a.pdf,2025-07-08T16:57:31,2025-07-07,77,guardado,
https://indomet.gob.do/wp-content/uploads/2025/07/temperaturas-extremas-y-precipitaciones-2025x07x08-a.pdf,2025-07-09T14:28:10,2025-07-08,80,guardado,
https://indomet.gob.do/wp-content/uploads/2025/07/temperaturas-extremas-y-precipitaciones-2025x07x09-a.pdf,2025-07-11T14:38:08,2025-07-09,80,guardado,
https://indomet.gob.do/wp-content/uploads/2025/07/temperaturas-extremas-y-precipitaciones-2025x07x10-a.pdf,2025-07-11T14:38:21,2025-07-10,75,guardado,
https://indomet.gob.do/wp-content/uploads/2025/07/temperaturas-extremas-y-precipitaciones-2025x07x11-a.pdf,2025-07-12T15:33:36,2025-07-11,67,guardado,
https://indomet.gob.do/wp-content/uploads/2025/07/temperaturas-extremas-y-precipitaciones-2025x07x12-a.pdf,2025-07-13T14:52:03,2025-07-12,72,guardado,
https://indomet.gob.do/wp-content/uploads/2025/07/temperaturas-extremas-y-precipitaciones-2025x07x12-b.pdf,2025-07-13T15:29:24,2025-07-12,73,guardado,
https://indomet.gob.do/wp-content/uploads/2025/07/temperaturas-extremas-y-precipitaciones-2025x07x13-a.pdf,2025-07-15T14:27:50,2025-07-13,75,guardado,
https://indomet.gob.do/wp-content/uploads/2025/07/temperaturas-extremas-y-precipitaciones-2025x07x14-a.pdf,2025-07-15T14:27:51,2025-07-14,82,guardado,
https://indomet.gob.do/wp-content/uploads/2025/07/temperaturas-extremas-y-precipitaciones-2025x07x15-a.pdf,2025-07-17T15:15:41,2025-07-15,79,guardado,
https://indomet.gob.do/wp-content/uploads/2025/07/temperaturas-extremas-y-precipitaciones-2025x07x16-a.pdf,2025-07-17T15:15:41,2025-07-16,78,guardado,
https://indomet.gob.do/wp-content/uploads/2025/07/temperaturas-extremas-y-precipitaciones-2025x07x17-a.pdf,2025-07-19T14:56:43,2025-07-17,78,guardado,
https://indomet.gob.do/wp-content/uploads/2025/07/temperaturas-extremas-y-precipitaciones-2025x07x18-a.pdf,2025-07-19T14:57:00,2025-07-18,73,guardado,
https://indomet.gob.do/wp-content/uploads/2025/07/temperaturas-extremas-y-precipitaciones-2025x07x19-a.pdf,2025-07-20T17:48:29,2025-07-19,72,guardado,
https://indomet.gob.do/wp-content/uploads/2025/07/temperaturas-extremas-y-precipitaciones-2025x07x20-a.pdf,2025-07-21T14:45:36,2025-07-20,77,guardado,
https://indomet.gob.do/wp-content/uploads/2025/07/temperaturas-extremas-y-precipitaciones-2025x07x21-a.pdf,2025-07-22T14:25:58,2025-07-21,76,guardado,
https://indomet.gob.do/wp-content/uploads/2025/07/temperaturas-extremas-y-precipitaciones-2025x07x22-a.pdf,2025-07-23T14:36:30,2025-07-22,81,guardado,
https://indomet.gob.do/wp-content/uploads/2025/07/temperaturas-extremas-y-precipitaciones-2025x07x23-a.pdf,2025-07-24T14:50:47,2025-07-23,77,guardado,
https://indomet.gob.do/wp-content/uploads/2025/07/temperaturas-extremas-y-precipitaciones-2025x07x27-a.pdf,2025-07-28T15:15:39,2025-07-27,79,guardado,
https://indomet.gob.do/wp-content/uploads/2025/07/temperaturas-extremas-y-precipitaciones-2025x07x28-a.pdf,2025-07-29T14:40:01,2025-07-28,79,guardado,
https://indomet.gob.do/wp-content/uploads/2025/07/temperaturas-extremas-y-precipitaciones-2025x07x26-a.pdf,2025-07-29T14:40:19,2025-07-26,70,guardado,
https://indomet.gob.do/wp-content/uploads/2025/07/temperaturas-extremas-y-precipitaciones-2025x07x24-b.pdf,2025-07-29T14:50:22,2025-07-24,81,guardado,
https://indomet.gob.do/wp-content/uploads/2025/07/temperaturas-extremas-y-precipitaciones-2025x07x25-a.pdf,2025-07-29T14:50:37,2025-07-25,73,guardado,
https://indomet.gob.do/wp-content/uploads/2025/07/temperaturas-extremas-y-precipitaciones-2025x07x27-a-1.pdf,2025-07-29T14:50:52,2025-07-27,79,guardado,
https://indomet.gob.do/wp-content/uploads/2025/07/temperaturas-extremas-y-precipitaciones-2025x07x26-a-1.pdf,2025-07-29T14:51:12,2025-07-26,70,guardado,
https://indomet.gob.do/wp-content/uploads/2025/07/temperaturas-extremas-y-precipitaciones-2025x07x27-a-2.pdf,2025-07-29T14:51:29,2025-07-27,79,guardado,
https://indomet.gob.do/wp-content/uploads/2025/07/temperaturas-extremas-y-precipitaciones-2025x07x28-a-1.pdf,2025-07-29T14:51:43,2025-07-28,79,guardado,
https://indomet.gob.do/wp-content/uploads/2025/07/temperaturas-extremas-y-precipitaciones-2025x07x29-b.pdf,2025-07-30T14:54:20,2025-07-29,74,guardado,
https://indomet.gob.do/wp-content/uploads/2025/07/temperaturas-extremas-y-precipitaciones-2025x07x30-a.pdf,2025-07-31T14:42:34,2025-07-30,82,guardado,
https://indomet.gob.do/wp-content/uploads/2025/08/temperaturas-extremas-y-precipitaciones-2025x07x31-a.pdf,2025-08-01T18:50:24,2025-07-31,74,guardado,
https://indomet.gob.do/wp-content/uploads/2025/08/temperaturas-extremas-y-precipitaciones-2025x07x31-a-1.pdf,2025-08-01T18:57:19,2025-07-31,74,guardado,
https://indomet.gob.do/wp-content/uploads/2025/08/temperaturas-extremas-y-precipitaciones-2025x08x01-a.pdf,2025-08-02T15:23:25,2025-08-01,73,guardado,
https://indomet.gob.do/wp-content/uploads/2025/08/temperaturas-extremas-y-precipitaciones-2025x08x02-a.pdf,2025-08-03T14:31:32,2025-08-02,71,guardado,
https://indomet.gob.do/wp-content/uploads/2025/08/temperaturas-extremas-y-precipitaciones-2025x08x03-a.pdf,2025-08-04T15:26:01,2025-08-03,79,guardado,
https://indomet.gob.do/wp-content/uploads/2025/08/temperaturas-extremas-y-precipitaciones-2025x08x04-a.pdf,2025-08-05T18:48:09,2025-08-04,77,guardado,
https://indomet.gob.do/wp-content/uploads/2025/08/temperaturas-extremas-y-precipitaciones-2025x08x05-a.pdf,2025-08-06T14:48:56,2025-08-05,80,guardado,
https://indomet.gob.do/wp-content/uploads/2025/08/temperaturas-extremas-y-precipitaciones-2025x08x06-a.pdf,2025-08-07T14:27:39,2025-08-06,85,guardado,
https://indomet.gob.do/wp-content/uploads/2025/08/temperaturas-extremas-y-precipitaciones-2025x08x06-a-1.pdf,2025-08-07T18:33:09,2025-08-06,85,guardado,
https://indomet.gob.do/wp-content/uploads/2025/08/temperaturas-extremas-y-precipitaciones-2025x08x07-a.pdf,2025-08-08T14:45:23,2025-08-07,81,guardado,
https://indomet.gob.do/wp-content/uploads/2025/08/temperaturas-extremas-y-precipitaciones-2025x08x08-a.pdf,2025-08-09T14:41:21,2025-08-08,75,guardado,
https://indomet.gob.do/wp-content/uploads/2025/08/temperaturas-extremas-y-precipitaciones-2025x08x08-b.pdf,2025-08-09T17:33:33,2025-08-08,75,guardado,
https://indomet.gob.do/wp-content/uploads/2025/08/temperaturas-extremas-y-precipitaciones-2025x08x09-a.pdf,2025-08-10T14:49:43,2025-08-09,75,guardado,
https://indomet.gob.do/wp-content/uploads/2025/08/temperaturas-extremas-y-precipitaciones-2025x08x10-a.pdf,2025-08-11T15:51:29,2025-08-10,82,guardado,
https://indomet.gob.do/wp-content/uploads/2025/08/temperaturas-extremas-y-precipitaciones-2025x08x11-a.pdf,2025-08-12T14:40:29,2025-08-11,83,guardado,
https://indomet.gob.do/wp-content/uploads/2025/08/temperaturas-extremas-y-precipitaciones-2025x08x12-a.pdf,2025-08-13T15:41:01,2025-08-12,75,guardado,
https://indomet.gob.do/wp-content/uploads/2025/08/temperaturas-extremas-y-precipitaciones-2025x08x13-a.pdf,2025-08-14T14:53:59,2025-08-13,86,guardado,
https://indomet.gob.do/wp-content/uploads/2025/08/temperaturas-extremas-y-precipitaciones-2025x08x14-a.pdf,2025-08-15T16:24:20,2025-08-14,77,guardado,
https://indomet.gob.do/wp-content/uploads/2025/08/temperaturas-extremas-y-precipitaciones-2025x08x15-a.pdf,2025-08-16T15:01:28,2025-08-15,74,guardado,
https://indomet.gob.do/wp-content/uploads/2025/08/temperaturas-extremas-y-precipitaciones-2025x08x16-a.pdf,2025-08-17T16:50:16,2025-08-16,72,guardado,
https://indomet.gob.do/wp-content/uploads/2025/08/temperaturas-extremas-y-precipitaciones-2025x08x17-a.pdf,2025-08-18T14:58:06,2025-08-17,85,guardado,
https://indomet.gob.do/wp-content/uploads/2025/08/temperaturas-extremas-y-precipitaciones-2025x08x18-a.pdf,2025-08-19T15:01:26,2025-08-18,81,guardado,
https://indomet.gob.do/wp-content/uploads/2025/08/temperaturas-extremas-y-precipitaciones-2025x08x19-a.pdf,2025-08-20T15:10:50,2025-08-19,83,guardado,
https://indomet.gob.do/wp-content/uploads/2025/08/temperaturas-extremas-y-precipitaciones-2025x08x20-a.pdf,2025-08-21T14:30:08,2025-08-20,80,guardado,
https://indomet.gob.do/wp-content/uploads/2025/08/temperaturas-extremas-y-precipitaciones-2025x08x21-a.pdf,2025-08-22T14:48:00,2025-08-21,84,guardado,
https://indomet.gob.do/wp-content/uploads/2025/08/temperaturas-extremas-y-precipitaciones-2025x08x22-a.pdf,2025-08-23T14:30:31,2025-08-22,73,guardado,
https://indomet.gob.do/wp-content/uploads/2025/08/temperaturas-extremas-y-precipitaciones-2025x08x23-a.pdf,2025-08-24T14:37:01,2025-08-23,46,guardado,
https://indomet.gob.do/wp-content/uploads/2025/08/temperaturas-extremas-y-precipitaciones-2025x08x24-a.pdf,2025-08-25T14:29:33,2025-08-24,83,guardado,
https://indomet.gob.do/wp-content/uploads/2025/08/temperaturas-extremas-y-precipitaciones-2025x08x25-a.pdf,2025-08-26T14:50:56,2025-08-25,79,guardado,
https://indomet.gob.do/wp-content/uploads/2025/08/temperaturas-extremas-y-precipitaciones-2025x08x26-a.pdf,2025-08-27T14:40:22,2025-08-26,84,guardado,
https://indomet.gob.do/wp-content/uploads/2025/08/temperaturas-extremas-y-precipitaciones-2025x08x27-a.pdf,2025-08-28T14:47:57,2025-08-27,85,guardado,
https://indomet.gob.do/wp-content/uploads/2025/08/temperaturas-extremas-y-precipitaciones-2025x08x28-a.pdf,2025-08-29T14:14:05,2025-08-28,84,guardado,
https://indomet.gob.do/wp-content/uploads/2025/08/temperaturas-extremas-y-precipitaciones-2025x08x29-a.pdf,2025-08-30T14:34:45,2025-08-29,78,guardado,
https://indomet.gob.do/wp-content/uploads/2025/08/temperaturas-extremas-y-precipitaciones-2025x08x30-a.pdf,2025-08-31T14:47:38,2025-08-30,73,guardado,
https://indomet.gob.do/wp-content/uploads/2025/08/temperaturas-extremas-y-precipitaciones-2025x08x30-a-1.pdf,2025-08-31T14:49:45,2025-08-30,73,guardado,
https://indomet.gob.do/wp-content/uploads/2025/09/temperaturas-extremas-y-precipitaciones-2025x08x31-a.pdf,2025-09-01T14:28:58,2025-08-31,84,guardado,
https://indomet.gob.do/wp-content/uploads/2025/09/temperaturas-extremas-y-precipitaciones-2025x09x01-a.pdf,2025-09-02T15:33:17,2025-09-01,79,guardado,
https://indomet.gob.do/wp-content/uploads/2025/09/temperaturas-extremas-y-precipitaciones-2025x09x02-a.pdf,2025-09-03T14:51:27,2025-09-02,81,guardado,
https://indomet.gob.do/wp-content/uploads/2025/09/temperaturas-extremas-y-precipitaciones-2025x09x03-a.pdf,2025-09-04T14:33:28,2025-09-03,81,guardado,
https://indomet.gob.do/wp-content/uploads/2025/09/temperaturas-extremas-y-precipitaciones-2025x09x04-a.pdf,2025-09-05T14:46:21,2025-09-04,76,guardado,
https://indomet.gob.do/wp-content/uploads/2025/09/temperaturas-extremas-y-precipitaciones-2025x09x05-a.pdf,2025-09-06T15:20:51,2025-09-05,76,guardado,
https://indomet.gob.do/wp-content/uploads/2025/09/temperaturas-extremas-y-precipitaciones-2025x09x06-a.pdf,2025-09-07T15:09:03,2025-09-06,77,guardado,
https://indomet.gob.do/wp-content/uploads/2025/09/temperaturas-extremas-y-precipitaciones-2025x09x07-a.pdf,2025-09-08T15:05:14,2025-09-07,84,guardado,
https://indomet.gob.do/wp-content/uploads/2025/09/temperaturas-extremas-y-precipitaciones-2025x09x08-a.pdf,2025-09-09T14:43:07,2025-09-08,85,guardado,
https://indomet.gob.do/wp-content/uploads/2025/09/temperaturas-extremas-y-precipitaciones-2025x09x09-a.pdf,2025-09-10T15:58:46,2025-09-09,81,guardado,
https://indomet.gob.do/wp-content/uploads/2025/09/temperaturas-extremas-y-precipitaciones-2025x09x10-a.pdf,2025-09-12T14:37:52,2025-09-10,81,guardado,
https://indomet.gob.do/wp-content/uploads/2025/09/temperaturas-extremas-y-precipitaciones-2025x09x11-a.pdf,2025-09-12T14:38:36,2025-09-11,80,guardado,
https://indomet.gob.do/wp-content/uploads/2025/09/temperaturas-extremas-y-precipitaciones-2025x09x12-a.pdf,2025-09-13T14:37:55,2025-09-12,71,guardado,
https://indomet.gob.do/wp-content/uploads/2025/09/temperaturas-extremas-y-precipitaciones-2025x09x13-a.pdf,2025-09-14T14:38:23,2025-09-13,73,guardado,
https://indomet.gob.do/wp-content/uploads/2025/09/temperaturas-extremas-y-precipitaciones-2025x09x14-a.pdf,2025-09-15T17:27:30,2025-09-14,80,guardado,
https://indomet.gob.do/wp-content/uploads/2025/09/temperaturas-extremas-y-precipitaciones-2025x09x15-a.pdf,2025-09-16T14:27:27,2025-09-15,81,guardado,
https://indomet.gob.do/wp-content/uploads/2025/09/temperaturas-extremas-y-precipitaciones-2025x09x16-a.pdf,2025-09-17T15:17:41,2025-09-16,81,guardado,
https://indomet.gob.do/wp-content/uploads/2025/09/temperaturas-extremas-y-precipitaciones-2025x09x17-a.pdf,2025-09-18T14:48:58,2025-09-17,86,guardado,
https://indomet.gob.do/wp-content/uploads/2025/09/temperaturas-extremas-y-precipitaciones-2025x09x18-B.pdf,2025-09-19T16:09:06,2025-09-18,82,guardado,
https://indomet.gob.do/wp-content/uploads/2025/09/temperaturas-extremas-y-precipitaciones-2025x09x19-a.pdf,2025-09-20T15:41:53,2025-09-19,75,guardado,
https://indomet.gob.do/wp-content/uploads/2025/09/temperaturas-extremas-y-precipitaciones-2025x09x20-a.pdf,2025-09-21T15:15:21,2025-09-20,73,guardado,
https://indomet.gob.do/wp-content/uploads/2025/09/temperaturas-extremas-y-precipitaciones-2025x09x21-a.pdf,2025-09-22T14:31:51,2025-09-21,88,guardado,
https://indomet.gob.do/wp-content/uploads/2025/09/temperaturas-extremas-y-precipitaciones-2025x09x22-a.pdf,2025-09-23T14:38:50,2025-09-22,82,guardado,
https://indomet.gob.do/wp-content/uploads/2025/09/temperaturas-extremas-y-precipitaciones-2025x09x23-a.pdf,2025-09-24T17:02:22,2025-09-23,75,guardado,
https://indomet.gob.do/wp-content/uploads/2025/09/temperaturas-extremas-y-precipitaciones-2025x09x24-a.pdf,2025-09-25T14:44:33,2025-09-24,90,guardado,
https://indomet.gob.do/wp-content/uploads/2025/09/temperaturas-extremas-y-precipitaciones-2025x09x25-b.pdf,2025-09-26T16:20:46,2025-09-25,83,guardado,
https://indomet.gob.do/wp-content/uploads/2025/09/temperaturas-extremas-y-precipitaciones-2025x09x26-a.pdf,2025-09-28T14:54:14,2025-09-26,72,guardado,
https://indomet.gob.do/wp-content/uploads/2025/09/temperaturas-extremas-y-precipitaciones-2025x09x27-a.pdf,2025-09-28T14:54:17,2025-09-27,76,guardado,
https://indomet.gob.do/wp-content/uploads/2025/09/temperaturas-extremas-y-precipitaciones-2025x09x28-a.pdf,2025-09-29T14:54:14,2025-09-28,85,guardado,
https://indomet.gob.do/wp-content/uploads/2025/09/temperaturas-extremas-y-precipitaciones-2025x09x29-a.pdf,2025-09-30T14:32:39,2025-09-29,85,guardado,
https://indomet.gob.do/wp-content/uploads/2025/10/temperaturas-extremas-y-precipitaciones-2025x09x30-a.pdf,2025-10-01T18:01:34,2025-09-30,85,guardado,
https://indomet.gob.do/wp-content/uploads/2025/10/temperaturas-extremas-y-precipitaciones-2025x10x01-a.pdf,2025-10-02T14:29:04,2025-10-01,84,guardado,
https://indomet.gob.do/wp-content/uploads/2025/10/temperaturas-extremas-y-precipitaciones-2025x10x01-a-1.pdf,2025-10-02T14:50:59,2025-10-01,84,guardado,
https://indomet.gob.do/wp-content/uploads/2025/10/temperaturas-extremas-y-precipitaciones-2025x10x02-a.pdf,2025-10-03T15:41:52,2025-10-02,84,guardado,
https://indomet.gob.do/wp-content/uploads/2025/10/temperaturas-extremas-y-precipitaciones-2025x10x03-b.pdf,2025-10-04T14:47:46,2025-10-03,75,guardado,
https://indomet.gob.do/wp-content/uploads/2025/10/temperaturas-extremas-y-precipitaciones-2025x10x04-a.pdf,2025-10-05T17:25:43,2025-10-04,76,guardado,
https://indomet.gob.do/wp-content/uploads/2025/10/temperaturas-extremas-y-precipitaciones-2025x10x05-a.pdf,2025-10-06T15:08:17,2025-10-05,86,guardado,
https://indomet.gob.do/wp-content/uploads/2025/10/temperaturas-extremas-y-precipitaciones-2025x10x06-a.pdf,2025-10-07T15:59:37,2025-10-06,87,guardado,
https://indomet.gob.do/wp-content/uploads/2025/10/temperaturas-extremas-y-precipitaciones-2025x10x07-a.pdf,2025-10-08T18:34:34,2025-10-07,84,guardado,
https://indomet.gob.do/wp-content/uploads/2025/10/temperaturas-extremas-y-precipitaciones-2025x10x08-a.pdf,2025-10-10T14:40:19,2025-10-08,88,guardado,
https://indomet.gob.do/wp-content/uploads/2025/10/temperaturas-extremas-y-precipitaciones-2025x10x09-a.pdf,2025-10-10T14:40:24,2025-10-09,81,guardado,
https://indomet.gob.do/wp-content/uploads/2025/10/temperaturas-extremas-y-precipitaciones-2025x10x10-a.pdf,2025-10-11T15:28:43,2025-10-10,82,guardado,
https://indomet.gob.do/wp-content/uploads/2025/10/temperaturas-extremas-y-precipitaciones-2025x10x11-a.pdf,2025-10-12T14:58:46,2025-10-11,81,guardado,
https://indomet.gob.do/wp-content/uploads/2025/10/temperaturas-extremas-y-precipitaciones-2025x10x11-a-1.pdf,2025-10-12T16:52:51,2025-10-11,83,guardado,
https://indomet.gob.do/wp-content/uploads/2025/10/temperaturas-extremas-y-precipitaciones-2025x10x12-a.pdf,2025-10-13T16:23:40,2025-10-12,90,guardado,
https://indomet.gob.do/wp-content/uploads/2025/10/temperaturas-extremas-y-precipitaciones-2025x10x13-a.pdf,2025-10-14T16:03:57,2025-10-13,88,guardado,
https://indomet.gob.do/wp-content/uploads/2025/10/temperaturas-extremas-y-precipitaciones-2025x10x14-a.pdf,2025-10-15T16:05:50,2025-10-14,87,guardado,
https://indomet.gob.do/wp-content/uploads/2025/10/temperaturas-extremas-y-precipitaciones-2025x10x15-a.pdf,2025-10-16T18:25:41,2025-10-15,88,guardado,
https://indomet.gob.do/wp-content/uploads/2025/10/temperaturas-extremas-y-precipitaciones-2025x10x16-a.pdf,2025-10-17T15:53:39,2025-10-16,77,guardado,
https://indomet.gob.do/wp-content/uploads/2025/10/temperaturas-extremas-y-precipitaciones-2025x10x17-a.pdf,2025-10-18T15:47:33,2025-10-17,83,guardado,
https://indomet.gob.do/wp-content/uploads/2025/10/temperaturas-extremas-y-precipitaciones-2025x10x18-a.pdf,2025-10-20T14:43:23,2025-10-18,81,guardado,
https://indomet.gob.do/wp-content/uploads/2025/10/temperaturas-extremas-y-precipitaciones-2025x10x19-a.pdf,2025-10-20T14:44:18,2025-10-19,88,guardado,
https://indomet.gob.do/wp-content/uploads/2025/10/temperaturas-extremas-y-precipitaciones-2025x10x20-a.pdf,2025-10-21T15:42:14,2025-10-20,86,guardado,
https://indomet.gob.do/wp-content/uploads/2025/10/temperaturas-extremas-y-precipitaciones-2025x10x21-a.pdf,2025-10-22T14:55:05,2025-10-21,103,guardado,
https://indomet.gob.do/wp-content/uploads/2025/10/temperaturas-extremas-y-precipitaciones-2025x10x23-a.pdf,2025-10-24T17:46:31,2025-10-23,99,guardado,
https://indomet.gob.do/wp-content/uploads/2025/10/temperaturas-extremas-y-precipitaciones-2025x10x22-e.pdf,2025-10-24T17:47:55,2025-10-22,97,guardado,
https://indomet.gob.do/wp-content/uploads/2025/10/temperaturas-extremas-y-precipitaciones-2025x10x24-B.pdf,2025-10-25T16:19:10,2025-10-24,121,guardado,
https://indomet.gob.do/wp-content/uploads/2025/10/temperaturas-extremas-y-precipitaciones-2025x10x25-a.pdf,2025-10-26T17:24:21,2025-10-25,88,guardado,
https://indomet.gob.do/wp-content/uploads/2025/10/temperaturas-extremas-y-precipitaciones-2025x10x27-a.pdf,2025-10-28T15:33:30,2025-10-27,100,guardado,
https://indomet.gob.do/wp-content/uploads/2025/10/temperaturas-extremas-y-precipitaciones-2025x10x28-a.pdf,2025-10-30T16:34:39,2025-10-28,102,guardado,
https://indomet.gob.do/wp-content/uploads/2025/10/temperaturas-extremas-y-precipitaciones-2025x10x29-a.pdf,2025-10-30T16:35:27,2025-10-29,102,guardado,
https://indomet.gob.do/wp-content/uploads/2025/10/temperaturas-extremas-y-precipitaciones-2025x10x30-a.pdf,2025-10-31T15:32:44,2025-10-30,83,guardado,
https://indomet.gob.do/wp-content/uploads/2025/10/temperaturas-extremas-y-precipitaciones-2025x10x26-a.pdf,2025-10-31T16:21:02,2025-10-26,102,guardado,
https://indomet.gob.do/wp-content/uploads/2025/11/temperaturas-extremas-y-precipitaciones-2025x10x31-a.pdf,2025-11-01T15:09:05,2025-10-31,76,guardado,
https://indomet.gob.do/wp-content/uploads/2025/11/temperaturas-extremas-y-precipitaciones-2025x11x02-a.pdf,2025-11-03T15:54:53,2025-11-02,79,guardado,
https://indomet.gob.do/wp-content/uploads/2025/11/temperaturas-extremas-y-precipitaciones-2025x11x02-a-1.pdf,2025-11-03T17:51:59,2025-11-02,79,guardado,
https://indomet.gob.do/wp-content/uploads/2025/11/temperaturas-extremas-y-precipitaciones-2025x11x01-a.pdf,2025-11-03T18:05:46,2025-11-01,80,guardado,
https://indomet.gob.do/wp-content/uploads/2025/11/temperaturas-extremas-y-precipitaciones-2025x11x03-a.pdf,2025-11-05T15:09:02,2025-11-03,89,guardado,
https://indomet.gob.do/wp-content/uploads/2025/11/temperaturas-extremas-y-precipitaciones-2025x11x04-a.pdf,2025-11-05T15:09:04,2025-11-04,84,guardado,
https://indomet.gob.do/wp-content/uploads/2025/11/temperaturas-extremas-y-precipitaciones-2025x11x05-a.pdf,2025-11-07T14:33:05,2025-11-05,85,guardado,
https://indomet.gob.do/wp-content/uploads/2025/11/temperaturas-extremas-y-precipitaciones-2025x11x06-a.pdf,2025-11-07T14:33:06,2025-11-06,81,guardado,
https://indomet.gob.do/wp-content/uploads/2025/11/temperaturas-extremas-y-precipitaciones-2025x11x07-a.pdf,2025-11-09T14:41:18,2025-11-07,77,guardado,
https://indomet.gob.do/wp-content/uploads/2025/11/temperaturas-extremas-y-precipitaciones-2025x11x08-a.pdf,2025-11-09T14:41:20,2025-11-08,77,guardado,
https://indomet.gob.do/wp-content/uploads/2025/11/temperaturas-extremas-y-precipitaciones-2025x11x09-a.pdf,2025-11-11T14:27:29,2025-11-09,75,guardado,
https://indomet.gob.do/wp-content/uploads/2025/11/temperaturas-extremas-y-precipitaciones-2025x11x10-a.pdf,2025-11-11T14:27:36,2025-11-10,79,guardado,
https://indomet.gob.do/wp-content/uploads/2025/11/temperaturas-extremas-y-precipitaciones-2025x11x11-a.pdf,2025-11-13T14:29:30,2025-11-11,87,guardado,
https://indomet.gob.do/wp-content/uploads/2025/11/temperaturas-extremas-y-precipitaciones-2025x11x12-a.pdf,2025-11-13T14:29:32,2025-11-12,84,guardado,
https://indomet.gob.do/wp-content/uploads/2025/11/temperaturas-extremas-y-precipitaciones-2025x11x12-b.pdf,2025-11-13T15:08:35,2025-11-12,92,guardado,
https://indomet.gob.do/wp-content/uploads/2025/11/temperaturas-extremas-y-precipitaciones-2025x11x13-a.pdf,2025-11-15T14:36:45,2025-11-13,82,guardado,
https://indomet.gob.do/wp-content/uploads/2025/11/temperaturas-extremas-y-precipitaciones-2025x11x14-a.pdf,2025-11-15T14:36:47,2025-11-14,80,guardado,
https://indomet.gob.do/wp-content/uploads/2025/11/temperaturas-extremas-y-precipitaciones-2025x11x15-a.pdf,2025-11-17T14:40:37,2025-11-15,78,guardado,
https://indomet.gob.do/wp-content/uploads/2025/11/temperaturas-extremas-y-precipitaciones-2025x11x16-a.pdf,2025-11-17T14:40:38,2025-11-16,85,guardado,
https://indomet.gob.do/wp-content/uploads/2025/11/temperaturas-extremas-y-precipitaciones-2025x11x17-ac.pdf,2025-11-18T16:22:04,2025-11-17,89,guardado,
https://indomet.gob.do/wp-content/uploads/2025/11/temperaturas-extremas-y-precipitaciones-2025x11x18-a.pdf,2025-11-19T14:14:14,2025-11-18,87,guardado,
https://indomet.gob.do/wp-content/uploads/2025/11/temperaturas-extremas-y-precipitaciones-2025x11x19-a.pdf,2025-11-20T18:27:38,2025-11-19,84,guardado,
https://indomet.gob.do/wp-content/uploads/2025/11/temperaturas-extremas-y-precipitaciones-2025x11x20-a.pdf,2025-11-21T14:48:42,2025-11-20,88,guardado,
https://indomet.gob.do/wp-content/uploads/2025/11/temperaturas-extremas-y-precipitaciones-2025x11x21-a.pdf,2025-11-23T14:11:43,2025-11-21,80,guardado,
https://indomet.gob.do/wp-content/uploads/2025/11/temperaturas-extremas-y-precipitaciones-2025x11x22-a.pdf,2025-11-23T14:11:45,2025-11-22,76,guardado,
https://indomet.gob.do/wp-content/uploads/2025/11/temperaturas-extremas-y-precipitaciones-2025x11x24-a.pdf,2025-11-25T14:21:58,2025-11-24,88,guardado,
https://indomet.gob.do/wp-content/uploads/2025/11/temperaturas-extremas-y-precipitaciones-2025x11x23-a.pdf,2025-11-25T14:22:56,2025-11-23,86,guardado,
https://indomet.gob.do/wp-content/uploads/2025/11/temperaturas-extremas-y-precipitaciones-2025x11x25-a.pdf,2025-11-26T19:01:54,2025-11-25,88,guardado,
https://indomet.gob.do/wp-content/uploads/2025/11/temperaturas-extremas-y-precipitaciones-2025x11x26-a.pdf,2025-11-27T14:54:28,2025-11-26,77,guardado,
https://indomet.gob.do/wp-content/uploads/2025/11/temperaturas-extremas-y-precipitaciones-2025x11x27-a.pdf,2025-11-29T14:42:55,2025-11-27,77,guardado,
https://indomet.gob.do/wp-content/uploads/2025/11/temperaturas-extremas-y-precipitaciones-2025x11x28-a.pdf,2025-11-29T14:42:56,2025-11-28,75,guardado,
https://indomet.gob.do/wp-content/uploads/2025/12/temperaturas-extremas-y-precipitaciones-2025x11x29-a.pdf,2025-12-01T18:38:53,2025-11-29,78,guardado,
https://indomet.gob.do/wp-content/uploads/2025/12/temperaturas-extremas-y-precipitaciones-2025x11x30-a.pdf,2025-12-01T18:38:55,2025-11-30,84,guardado,
https://indomet.gob.do/wp-content/uploads/2025/12/temperaturas-extremas-y-precipitaciones-2025x12x01-a.pdf,2025-12-02T16:21:01,2025-12-01,87,guardado,
https://indomet.gob.do/wp-content/uploads/2025/12/temperaturas-extremas-y-precipitaciones-2025x12x02-a.pdf,2025-12-03T14:28:31,2025-12-02,86,guardado,
https://indomet.gob.do/wp-content/uploads/2025/12/temperaturas-extremas-y-precipitaciones-2025x12x03-a.pdf,2025-12-04T18:38:38,2025-12-03,84,guardado,
https://indomet.gob.do/wp-content/uploads/2025/12/temperaturas-extremas-y-precipitaciones-2025x12x04-a.pdf,2025-12-05T14:37:35,2025-12-04,78,guardado,
https://indomet.gob.do/wp-content/uploads/2025/12/temperaturas-extremas-y-precipitaciones-2025x12x06-a.pdf,2025-12-07T16:45:45,2025-12-06,77,guardado,
https://indomet.gob.do/wp-content/uploads/2025/12/temperaturas-extremas-y-precipitaciones-2025x12x07-a.pdf,2025-12-08T16:48:41,2025-12-07,91,guardado,
https://indomet.gob.do/wp-content/uploads/2025/12/temperaturas-extremas-y-precipitaciones-2025x12x08-a.pdf,2025-12-09T15:14:54,2025-12-08,85,guardado,
https://indomet.gob.do/wp-content/uploads/2025/12/temperaturas-extremas-y-precipitaciones-2025x12x09-a.pdf,2025-12-10T19:27:50,2025-12-09,87,guardado,
https://indomet.gob.do/wp-content/uploads/2025/12/temperaturas-extremas-y-precipitaciones-2025x12x10-a.pdf,2025-12-11T14:31:27,2025-12-10,84,guardado,
https://indomet.gob.do/wp-content/uploads/2025/12/temperaturas-extremas-y-precipitaciones-2025x12x11-a.pdf,2025-12-12T17:21:33,2025-12-11,87,guardado,
https://indomet.gob.do/wp-content/uploads/2025/12/temperaturas-extremas-y-precipitaciones-2025x12x12-a.pdf,2025-12-13T15:01:57,2025-12-12,75,guardado,
https://indomet.gob.do/wp-content/uploads/2025/12/temperaturas-extremas-y-precipitaciones-2025x12x13-a.pdf,2025-12-14T16:37:54,2025-12-13,78,guardado,
https://indomet.gob.do/wp-content/uploads/2025/12/temperaturas-extremas-y-precipitaciones-2025x12x14-a.pdf,2025-12-15T14:51:37,2025-12-14,85,guardado,
https://indomet.gob.do/wp-content/uploads/2025/12/temperaturas-extremas-y-precipitaciones-2025x12x15-a.pdf,2025-12-16T14:51:42,2025-12-15,87,guardado,
https://indomet.gob.do/wp-content/uploads/2025/12/temperaturas-extremas-y-precipitaciones-2025x12x16-a.pdf,2025-12-17T16:10:29,2025-12-16,87,guardado,
https://indomet.gob.do/wp-content/uploads/2025/12/temperaturas-extremas-y-precipitaciones-2025x12x17-a.pdf,2025-12-18T16:20:30,2025-12-17,84,guardado,
https://indomet.gob.do/wp-content/uploads/2025/12/temperaturas-extremas-y-precipitaciones-2025x12x18-a.pdf,2025-12-19T15:11:35,2025-12-18,84,guardado,
https://indomet.gob.do/wp-content/uploads/2025/12/temperaturas-extremas-y-precipitaciones-2025x12x19-a.pdf,2025-12-20T15:21:15,2025-12-19,73,guardado,
https://indomet.gob.do/wp-content/uploads/2025/12/temperaturas-extremas-y-precipitaciones-2025x12x20-a.pdf,2025-12-21T16:39:09,2025-12-20,71,guardado,
https://indomet.gob.do/wp-content/uploads/2025/12/temperaturas-extremas-y-precipitaciones-2025x12x21-a.pdf,2025-12-22T19:08:37,2025-12-21,85,guardado,
https://indomet.gob.do/wp-content/uploads/2025/12/temperaturas-extremas-y-precipitaciones-2025x12x22-a.pdf,2025-12-23T15:25:58,2025-12-22,81,guardado,
https://indomet.gob.do/wp-content/uploads/2025/12/temperaturas-extremas-y-precipitaciones-2025x12x24-a.pdf,2025-12-25T14:26:54,2025-12-24,70,guardado,
https://indomet.gob.do/wp-content/uploads/2025/12/temperaturas-extremas-y-precipitaciones-2025x12x25-a.pdf,2025-12-27T14:46:55,2025-12-25,75,guardado,
https://indomet.gob.do/wp-content/uploads/2025/12/temperaturas-extremas-y-precipitaciones-2025x12x26-a.pdf,2025-12-27T14:46:56,2025-12-26,73,guardado,
https://indomet.gob.do/wp-content/uploads/2025/12/temperaturas-extremas-y-precipitaciones-2025x12x28-a.pdf,2025-12-29T14:41:29,2025-12-28,79,guardado,
https://indomet.gob.do/wp-content/uploads/2026/01/temperaturas-extremas-y-precipitaciones-2026x01x01-a.pdf,2026-01-02T16:26:20,2026-01-01,74,guardado,
https://indomet.gob.do/wp-content/uploads/2026/01/temperaturas-extremas-y-precipitaciones-2025x12x30-a.pdf,2026-01-02T16:27:30,2025-12-30,78,guardado,
https://indomet.gob.do/wp-content/uploads/2026/01/temperaturas-extremas-y-precipitaciones-2025x12x31-a.pdf,2026-01-02T16:27:32,2025-12-31,51,guardado,
https://indomet.gob.do/wp-content/uploads/2026/01/temperaturas-extremas-y-precipitaciones-2026x01x02-a.pdf,2026-01-03T14:52:08,2026-01-02,79,guardado,
https://indomet.gob.do/wp-content/uploads/2026/01/temperaturas-extremas-y-precipitaciones-2026x01x03-a.pdf,2026-01-04T15:07:30,2026-01-03,73,guardado,
https://indomet.gob.do/wp-content/uploads/2026/01/temperaturas-extremas-y-precipitaciones-2026x01x04-a.pdf,2026-01-06T16:20:01,2026-01-04,74,guardado,
https://indomet.gob.do/wp-content/uploads/2026/01/temperaturas-extremas-y-precipitaciones-2026x01x05-a.pdf,2026-01-06T16:20:07,2026-01-05,80,guardado,
https://indomet.gob.do/wp-content/uploads/2026/01/temperaturas-extremas-y-precipitaciones-2026x01x06-a.pdf,2026-01-08T15:04:47,2026-01-06,83,guardado,
https://indomet.gob.do/wp-content/uploads/2026/01/temperaturas-extremas-y-precipitaciones-2026x01x07-a.pdf,2026-01-08T15:04:51,2026-01-07,81,guardado,
https://indomet.gob.do/wp-content/uploads/2026/01/temperaturas-extremas-y-precipitaciones-2026x01x08-a.pdf,2026-01-12T16:17:36,2026-01-08,82,guardado,
https://indomet.gob.do/wp-content/uploads/2026/01/temperaturas-extremas-y-precipitaciones-2026x01x09-a.pdf,2026-01-12T16:17:37,2026-01-09,69,guardado,
https://indomet.gob.do/wp-content/uploads/2026/01/temperaturas-extremas-y-precipitaciones-2026x01x10-a.pdf,2026-01-12T16:17:38,2026-01-10,73,guardado,
https://indomet.gob.do/wp-content/uploads/2026/01/temperaturas-extremas-y-precipitaciones-2026x01x11-a.pdf,2026-01-12T16:17:40,2026-01-11,79,guardado,
https://indomet.gob.do/wp-content/uploads/2026/01/temperaturas-extremas-y-precipitaciones-2026x01x12-a.pdf,2026-01-14T14:42:21,2026-01-12,86,guardado,
https://indomet.gob.do/wp-content/uploads/2026/01/temperaturas-extremas-y-precipitaciones-2026x01x13-a.pdf,2026-01-14T14:42:22,2026-01-13,86,guardado,
https://indomet.gob.do/wp-content/uploads/2026/01/temperaturas-extremas-y-precipitaciones-2026x01x14-a.pdf,2026-01-16T15:39:23,2026-01-14,84,guardado,
https://indomet.gob.do/wp-content/uploads/2026/01/temperaturas-extremas-y-precipitaciones-2026x01x15-a.pdf,2026-01-16T15:39:25,2026-01-15,80,guardado,
https://indomet.gob.do/wp-content/uploads/2026/01/temperaturas-extremas-y-precipitaciones-2026x01x17-a.pdf,2026-01-18T15:57:22,2026-01-17,75,guardado,
https://indomet.gob.do/wp-content/uploads/2026/01/temperaturas-extremas-y-precipitaciones-2026x01x17-b.pdf,2026-01-18T15:57:24,2026-01-17,82,guardado,
https://indomet.gob.do/wp-content/uploads/2026/01/temperaturas-extremas-y-precipitaciones-2026x01x16-a.pdf,2026-01-18T15:58:01,2026-01-16,81,guardado,
https://indomet.gob.do/wp-content/uploads/2026/01/temperaturas-extremas-y-precipitaciones-2026x01x18-a.pdf,2026-01-20T18:15:06,2026-01-18,87,guardado,
https://indomet.gob.do/wp-content/uploads/2026/01/temperaturas-extremas-y-precipitaciones-2026x01x19-a.pdf,2026-01-20T18:15:08,2026-01-19,88,guardado,
https://indomet.gob.do/wp-content/uploads/2026/01/temperaturas-extremas-y-precipitaciones-2026x01x20-a.pdf,2026-01-22T14:26:18,2026-01-20,79,guardado,
https://indomet.gob.do/wp-content/uploads/2026/01/temperaturas-extremas-y-precipitaciones-2026x01x21-a.pdf,2026-01-22T14:26:20,2026-01-21,88,guardado,
https://indomet.gob.do/wp-content/uploads/2026/01/temperaturas-extremas-y-precipitaciones-2026x01x23-a.pdf,2026-01-24T16:04:25,2026-01-23,88,guardado,
https://indomet.gob.do/wp-content/uploads/2026/01/temperaturas-extremas-y-precipitaciones-2026x01x22-a.pdf,2026-01-24T16:05:02,2026-01-22,99,guardado,
https://indomet.gob.do/wp-content/uploads/2026/01/temperaturas-extremas-y-precipitaciones-2026x01x23-a-1.pdf,2026-01-24T16:05:04,2026-01-23,88,guardado,
https://indomet.gob.do/wp-content/uploads/2026/01/temperaturas-extremas-y-precipitaciones-2026x01x24-b.pdf,2026-01-25T15:19:05,2026-01-24,93,guardado,
https://indomet.gob.do/wp-content/uploads/2026/01/temperaturas-extremas-y-precipitaciones-2026x01x26.pdf,2026-01-28T15:20:52,2026-01-26,91,guardado,
https://indomet.gob.do/wp-content/uploads/2026/01/temperaturas-extremas-y-precipitaciones-2026x01x27-a.pdf,2026-01-28T15:20:54,2026-01-27,80,guardado,
https://indomet.gob.do/wp-content/uploads/2026/01/temperaturas-extremas-y-precipitaciones-2026x01x25-b.pdf,2026-01-28T15:23:03,2026-01-25,85,guardado,
https://indomet.gob.do/wp-content/uploads/2026/01/temperaturas-extremas-y-precipitaciones-2026x01x25.pdf,2026-01-28T15:24:11,2026-01-25,85,guardado,
https://indomet.gob.do/wp-content/uploads/2026/01/temperaturas-extremas-y-precipitaciones-2026x01x28-a.pdf,2026-01-30T15:22:55,2026-01-28,85,guardado,
https://indomet.gob.do/wp-content/uploads/2026/01/temperaturas-extremas-y-precipitaciones-2026x01x29-a.pdf,2026-01-30T15:22:56,2026-01-29,79,guardado,
https://indomet.gob.do/wp-content/uploads/2026/01/temperaturas-extremas-y-precipitaciones-2026x01x30-a.pdf,2026-01-31T16:02:34,2026-01-30,78,guardado,
https://indomet.gob.do/wp-content/uploads/2026/02/temperaturas-extremas-y-precipitaciones-2026x01x30-a.pdf,2026-02-01T14:26:37,2026-01-30,78,guardado,
https://indomet.gob.do/wp-content/uploads/2026/02/temperaturas-extremas-y-precipitaciones-2026x01x31-a.pdf,2026-02-01T14:26:39,2026-01-31,86,guardado,
https://indomet.gob.do/wp-content/uploads/2026/02/temperaturas-extremas-y-precipitaciones-2026x02x01-a.pdf,2026-02-02T19:08:14,2026-02-01,91,guardado,
https://indomet.gob.do/wp-content/uploads/2026/02/temperaturas-extremas-y-precipitaciones-2026x02x02-a.pdf,2026-02-03T15:21:18,2026-02-02,84,guardado,
https://indomet.gob.do/wp-content/uploads/2026/02/temperaturas-extremas-y-precipitaciones-2026x02x03-a.pdf,2026-02-05T14:31:54,2026-02-03,84,guardado,
https://indomet.gob.do/wp-content/uploads/2026/02/temperaturas-extremas-y-precipitaciones-2026x02x04-a.pdf,2026-02-05T14:31:55,2026-02-04,80,guardado,
https://indomet.gob.do/wp-content/uploads/2026/02/temperaturas-extremas-y-precipitaciones-2026x02x06-a.pdf,2026-02-07T14:36:10,2026-02-06,79,guardado,
https://indomet.gob.do/wp-content/uploads/2026/02/temperaturas-extremas-y-precipitaciones-2026x02x05-a.pdf,2026-02-07T14:36:37,2026-02-05,84,guardado,
https://indomet.gob.do/wp-content/uploads/2026/02/temperaturas-extremas-y-precipitaciones-2026x02x07-a.pdf,2026-02-09T14:30:34,2026-02-07,77,guardado,
https://indomet.gob.do/wp-content/uploads/2026/02/temperaturas-extremas-y-precipitaciones-2026x02x08-a.pdf,2026-02-09T14:30:35,2026-02-08,82,guardado,
https://indomet.gob.do/wp-content/uploads/2026/02/temperaturas-extremas-y-precipitaciones-2026x02x09-a.pdf,2026-02-11T14:32:33,2026-02-09,88,guardado,
https://indomet.gob.do/wp-content/uploads/2026/02/temperaturas-extremas-y-precipitaciones-2026x02x10-a.pdf,2026-02-11T14:32:34,2026-02-10,80,guardado,
https://indomet.gob.do/wp-content/uploads/2026/02/temperaturas-extremas-y-precipitaciones-2026x02x11-a.pdf,2026-02-12T14:58:12,2026-02-11,84,guardado,
https://indomet.gob.do/wp-content/uploads/2026/02/temperaturas-extremas-y-precipitaciones-2026x02x12-a.pdf,2026-02-13T14:33:02,2026-02-12,85,guardado,
https://indomet.gob.do/wp-content/uploads/2026/02/temperaturas-extremas-y-precipitaciones-2026x02x13-a.pdf,2026-02-14T15:06:20,2026-02-13,81,guardado,
https://indomet.gob.do/wp-content/uploads/2026/02/temperaturas-extremas-y-precipitaciones-2026x02x15-a.pdf,2026-02-16T14:56:16,2026-02-15,92,guardado,
https://indomet.gob.do/wp-content/uploads/2026/02/temperaturas-extremas-y-precipitaciones-2026x02x16-b.pdf,2026-02-17T18:14:31,2026-02-16,88,guardado,
https://indomet.gob.do/wp-content/uploads/2026/02/temperaturas-extremas-y-precipitaciones-2026x02x15-a-1.pdf,2026-02-17T18:15:43,2026-02-15,92,guardado,
https://indomet.gob.do/wp-content/uploads/2026/02/temperaturas-extremas-y-precipitaciones-2026x02x17-a.pdf,2026-02-18T16:28:33,2026-02-17,83,guardado,
https://indomet.gob.do/wp-content/uploads/2026/02/temperaturas-extremas-y-precipitaciones-2026x02x18-a.pdf,2026-02-19T14:42:13,2026-02-18,86,guardado,
https://indomet.gob.do/wp-content/uploads/2026/02/temperaturas-extremas-y-precipitaciones-2026x02x18-b.pdf,2026-02-19T19:27:29,2026-02-18,87,guardado,
https://indomet.gob.do/wp-content/uploads/2026/02/temperaturas-extremas-y-precipitaciones-2026x02x19-a.pdf,2026-02-20T15:47:26,2026-02-19,85,guardado,
https://indomet.gob.do/wp-content/uploads/2026/02/temperaturas-extremas-y-precipitaciones-2026x02x14-a.pdf,2026-02-20T15:57:53,2026-02-14,77,guardado,
https://indomet.gob.do/wp-content/uploads/2026/02/temperaturas-extremas-y-precipitaciones-2026x02x20-a.pdf,2026-02-21T14:23:40,2026-02-20,76,guardado,
https://indomet.gob.do/wp-content/uploads/2026/02/temperaturas-extremas-y-precipitaciones-2026x02x21-a.pdf,2026-02-22T14:40:31,2026-02-21,79,guardado,
https://indomet.gob.do/wp-content/uploads/2026/02/temperaturas-extremas-y-precipitaciones-2026x02x22-a.pdf,2026-02-23T14:50:21,2026-02-22,83,guardado,
https://indomet.gob.do/wp-content/uploads/2026/02/Temperaturas-extremas-y-precipitaciones-23-de-Febrero-2026.pdf,2026-02-24T15:03:02,2026-02-23,86,guardado,
https://indomet.gob.do/wp-content/uploads/2026/02/temperaturas-extremas-y-precipitaciones-2026x02x24-a.pdf,2026-02-25T15:52:03,2026-02-24,87,guardado,
https://indomet.gob.do/wp-content/uploads/2026/02/Temperaturas-extremas-y-precipitaciones-25-de-Febrero-2026.pdf,2026-02-26T15:09:53,2026-02-25,88,guardado,
https://indomet.gob.do/wp-content/uploads/2026/02/temperaturas-extremas-y-precipitaciones-2026x02x26-a.pdf,2026-02-27T17:06:44,2026-02-26,76,guardado,
https://indomet.gob.do/wp-content/uploads/2026/02/temperaturas-extremas-y-precipitaciones-2026x02x27-a.pdf,2026-02-28T15:35:35,2026-02-27,76,guardado,
https://indomet.gob.do/wp-content/uploads/2026/03/temperaturas-extremas-y-precipitaciones-2026x02x28-a.pdf,2026-03-01T14:58:54,2026-02-28,79,guardado,
https://indomet.gob.do/wp-content/uploads/2026/03/Temperaturas-extremas-y-precipitaciones-01-de-Marzo-2026.pdf,2026-03-02T16:19:25,2026-03-01,84,guardado,
https://indomet.gob.do/wp-content/uploads/2026/03/temperaturas-extremas-y-precipitaciones-2026x03x02-a.pdf,2026-03-03T16:42:17,2026-03-02,96,guardado,
https://indomet.gob.do/wp-content/uploads/2026/03/Temperaturas-extremas-y-precipitaciones-03-de-Marzo-2026.pdf,2026-03-04T15:48:54,2026-03-03,85,guardado,
https://indomet.gob.do/wp-content/uploads/2026/03/temperaturas-extremas-y-precipitaciones-2026x03x04-a.pdf,2026-03-05T14:29:41,2026-03-04,86,guardado,
https://indomet.gob.do/wp-content/uploads/2026/03/Temperaturas-extremas-y-precipitaciones-05-de-Marzo-2026.pdf,2026-03-06T15:28:06,2026-03-05,86,guardado,
https://indomet.gob.do/wp-content/uploads/2026/03/temperaturas-extremas-y-precipitaciones-2026x03x06-a.pdf,2026-03-07T15:22:17,2026-03-06,87,guardado,
https://indomet.gob.do/wp-content/uploads/2026/03/Temperaturas-extremas-y-precipitaciones-07-de-Marzo-2026.pdf,2026-03-08T15:24:58,2026-03-07,80,guardado,
https://indomet.gob.do/wp-content/uploads/2026/03/temperaturas-extremas-y-precipitaciones-2026x03x08-a.pdf,2026-03-09T14:34:34,2026-03-08,93,guardado,
https://indomet.gob.do/wp-content/uploads/2026/03/Temperaturas-extremas-y-precipitaciones-09-de-Marzo-2026.pdf,2026-03-10T17:50:49,2026-03-09,88,guardado,
https://indomet.gob.do/wp-content/uploads/2026/03/temperaturas-extremas-y-precipitaciones-2026x03x10-a.pdf,2026-03-11T14:29:13,2026-03-10,83,guardado,
https://indomet.gob.do/wp-content/uploads/2026/03/Temperaturas-extremas-y-precipitaciones-11-de-Marzo-2026.pdf,2026-03-12T15:39:47,2026-03-11,97,guardado,
https://indomet.gob.do/wp-content/uploads/2026/03/temperaturas-extremas-y-precipitaciones-2026x03x13-a.pdf,2026-03-14T15:30:33,2026-03-13,87,guardado,
https://indomet.gob.do/wp-content/uploads/2026/03/Temperaturas-extremas-y-precipitaciones-12-de-Marzo-2026.pdf,2026-03-14T15:51:43,2026-03-12,87,guardado,
https://indomet.gob.do/wp-content/uploads/2026/03/temperaturas-extremas-y-precipitaciones-2026x03x14-a.pdf,2026-03-15T15:23:47,2026-03-14,80,guardado,
https://indomet.gob.do/wp-content/uploads/2026/03/1-COMPORTAMIENTO-TEMPERATURAS-EXTREMAS-Y-PRECIPITACIONES-Enero-2026.pdf,2026-03-16T12:26:48,,0,ignorado,el documento no trae la tabla diaria
https://indomet.gob.do/wp-content/uploads/2026/03/2-COMPORTAMIENTO-TEMPERATURAS-EXTREMAS-Y-PRECIPITACIONES-Febrero-2026.pdf,2026-03-16T12:31:37,,0,ignorado,el documento no trae la tabla diaria
https://indomet.gob.do/wp-content/uploads/2026/03/Temperaturas-extremas-y-precipitaciones-15-de-Marzo-2026.pdf,2026-03-16T15:11:34,2026-03-15,91,guardado,
https://indomet.gob.do/wp-content/uploads/2026/03/temperaturas-extremas-y-precipitaciones-2026x03x16-a.pdf,2026-03-17T14:36:25,2026-03-16,90,guardado,
https://indomet.gob.do/wp-content/uploads/2026/03/Temperaturas-extremas-y-precipitaciones-17-de-Marzo-2026.pdf,2026-03-18T15:10:00,2026-03-17,93,guardado,
https://indomet.gob.do/wp-content/uploads/2026/03/temperaturas-extremas-y-precipitaciones-2026x03x18-b.pdf,2026-03-19T16:10:22,2026-03-18,96,guardado,
https://indomet.gob.do/wp-content/uploads/2026/03/Temperaturas-extremas-y-precipitaciones-19-de-Marzo-2026.pdf,2026-03-20T14:54:19,2026-03-19,94,guardado,
https://indomet.gob.do/wp-content/uploads/2026/03/temperaturas-extremas-y-precipitaciones-2026x03x20-b.pdf,2026-03-21T15:24:21,2026-03-20,86,guardado,
https://indomet.gob.do/wp-content/uploads/2026/03/Temperaturas-extremas-y-precipitaciones-21-de-Marzo-2026.pdf,2026-03-22T15:29:27,2026-03-21,87,guardado,
https://indomet.gob.do/wp-content/uploads/2026/03/temperaturas-extremas-y-precipitaciones-2026x03x22-a.pdf,2026-03-23T16:23:20,2026-03-22,87,guardado,
https://indomet.gob.do/wp-content/uploads/2026/03/Temperaturas-extremas-y-precipitaciones-23-de-Marzo-2026.pdf,2026-03-24T14:58:54,2026-03-23,88,guardado,
https://indomet.gob.do/wp-content/uploads/2026/03/temperaturas-extremas-y-precipitaciones-2026x03x24-a.pdf,2026-03-25T16:05:21,2026-03-24,88,guardado,
https://indomet.gob.do/wp-content/uploads/2026/03/Temperaturas-extremas-y-precipitaciones-25-de-Marzo-2026.pdf,2026-03-26T15:19:34,2026-03-25,92,guardado,
https://indomet.gob.do/wp-content/uploads/2026/03/temperaturas-extremas-y-precipitaciones-2026x03x26-a.pdf,2026-03-27T15:30:55,2026-03-26,88,guardado,
https://indomet.gob.do/wp-content/uploads/2026/03/Temperaturas-extremas-y-precipitaciones-27-de-Marzo-2026.pdf,2026-03-28T15:06:35,2026-03-27,90,guardado,
https://indomet.gob.do/wp-content/uploads/2026/03/temperaturas-extremas-y-precipitaciones-2026x03x28-a.pdf,2026-03-29T14:47:44,2026-03-28,82,guardado,
https://indomet.gob.do/wp-content/uploads/2026/03/temperaturas-extremas-y-precipitaciones-2026x03x28-a-1.pdf,2026-03-29T14:48:27,2026-03-28,82,guardado,
https://indomet.gob.do/wp-content/uploads/2026/03/temperaturas-extremas-y-precipitaciones-2026x03x28-a-2.pdf,2026-03-29T14:48:58,2026-03-28,82,guardado,
https://indomet.gob.do/wp-content/uploads/2026/03/Temperaturas-extremas-y-precipitaciones-29-de-Marzo-2026.pdf,2026-03-30T15:24:48,2026-03-29,89,guardado,
https://indomet.gob.do/wp-content/uploads/2026/04/Temperaturas-extremas-y-precipitaciones-31-de-Marzo-2026.pdf,2026-04-01T15:13:46,2026-03-31,92,guardado,
https://indomet.gob.do/wp-content/uploads/2026/04/Temperaturas-extremas-y-precipitaciones-02-de-Abril-2026.pdf,2026-04-03T16:00:06,2026-04-02,86,guardado,
https://indomet.gob.do/wp-content/uploads/2026/04/Temperaturas-extremas-y-precipitaciones-04-de-Abril-2026.pdf,2026-04-05T15:30:05,2026-04-04,81,guardado,
https://indomet.gob.do/wp-content/uploads/2026/04/temperaturas-extremas-y-precipitaciones-2026x04x05-a.pdf,2026-04-06T19:28:44,2026-04-05,77,guardado,
https://indomet.gob.do/wp-content/uploads/2026/04/Temperaturas-extremas-y-precipitaciones-06-de-Abril-2026.pdf,2026-04-07T16:59:17,2026-04-06,92,guardado,
https://indomet.gob.do/wp-content/uploads/2026/04/temperaturas-extremas-y-precipitaciones-2026x04x07-a.pdf,2026-04-08T15:58:52,2026-04-07,96,guardado,
https://indomet.gob.do/wp-content/uploads/2026/04/Temperaturas-extremas-y-precipitaciones-08-de-Abril-2026.pdf,2026-04-09T16:03:57,2026-04-08,90,guardado,
https://indomet.gob.do/wp-content/uploads/2026/04/temperaturas-extremas-y-precipitaciones-2026x04x09-mv.pdf,2026-04-10T16:14:59,2026-04-09,82,guardado,
https://indomet.gob.do/wp-content/uploads/2026/04/Temperaturas-extremas-y-precipitaciones-10-de-Abril-2026.pdf,2026-04-11T15:45:02,2026-04-10,87,guardado,
https://indomet.gob.do/wp-content/uploads/2026/04/temperaturas-extremas-y-precipitaciones-2026x04x11-apb.pdf,2026-04-12T18:07:30,2026-04-11,73,guardado,
https://indomet.gob.do/wp-content/uploads/2026/04/temperaturas-extremas-y-precipitaciones-2026x04x11-apb-1.pdf,2026-04-12T18:07:53,2026-04-11,73,guardado,
https://indomet.gob.do/wp-content/uploads/2026/04/Temperaturas-extremas-y-precipitaciones-12-de-Abril-2026.pdf,2026-04-13T16:46:57,2026-04-12,93,guardado,
https://indomet.gob.do/wp-content/uploads/2026/04/Temperaturas-extremas-y-precipitaciones-14-de-Abril-2026.pdf,2026-04-15T16:25:15,2026-04-14,94,guardado,
https://indomet.gob.do/wp-content/uploads/2026/04/Temperaturas-extremas-y-precipitaciones-16-de-Abril-2026.pdf,2026-04-17T17:09:04,2026-04-16,90,guardado,
https://indomet.gob.do/wp-content/uploads/2026/04/Temperaturas-extremas-y-precipitaciones-18-de-Abril-2026.pdf,2026-04-19T15:16:40,2026-04-18,87,guardado,
https://indomet.gob.do/wp-content/uploads/2026/04/temperaturas-extremas-y-precipitaciones-2026x04x13-a.pdf,2026-04-20T16:57:48,2026-04-13,88,guardado,
https://indomet.gob.do/wp-content/uploads/2026/04/temperaturas-extremas-y-precipitaciones-2026x04x19-a-1.pdf,2026-04-20T19:38:49,2026-04-19,88,guardado,
https://indomet.gob.do/wp-content/uploads/2026/04/Temperaturas-extremas-y-precipitaciones-20-de-Abril-2026.pdf,2026-04-21T16:58:26,2026-04-20,96,guardado,
https://indomet.gob.do/wp-content/uploads/2026/04/temperaturas-extremas-y-precipitaciones-2026x04x21-a.pdf,2026-04-22T16:14:09,2026-04-21,92,guardado,
https://indomet.gob.do/wp-content/uploads/2026/04/Temperaturas-extremas-y-precipitaciones-22-de-Abril-2026.pdf,2026-04-23T15:14:03,2026-04-22,89,guardado,
https://indomet.gob.do/wp-content/uploads/2026/04/temperaturas-extremas-y-precipitaciones-2026x04x23-a-1.pdf,2026-04-24T17:53:35,2026-04-23,91,guardado,
https://indomet.gob.do/wp-content/uploads/2026/04/temperaturas-extremas-y-precipitaciones-2026x04x23-a-2.pdf,2026-04-24T17:53:45,2026-04-23,91,guardado,
https://indomet.gob.do/wp-content/uploads/2026/04/temperaturas-extremas-y-precipitaciones-2026x04x23-a.pdf,2026-04-24T17:54:19,2026-04-23,91,guardado,
https://indomet.gob.do/wp-content/uploads/2026/04/Temperaturas-extremas-y-precipitaciones-24-de-Abril-2026.pdf,2026-04-25T16:05:49,2026-04-24,89,guardado,
https://indomet.gob.do/wp-content/uploads/2026/04/temperaturas-extremas-y-precipitaciones-2026x04x25-a.pdf,2026-04-26T19:07:29,2026-04-25,70,guardado,
https://indomet.gob.do/wp-content/uploads/2026/04/Temperaturas-extremas-y-precipitaciones-26-de-Abril-2026.pdf,2026-04-27T16:17:47,2026-04-26,94,guardado,
https://indomet.gob.do/wp-content/uploads/2026/04/temperaturas-extremas-y-precipitaciones-2026x04x27-a.pdf,2026-04-28T19:04:57,2026-04-27,86,guardado,
https://indomet.gob.do/wp-content/uploads/2026/04/temperaturas-extremas-y-precipitaciones-2026x04x25-a-1.pdf,2026-04-29T14:10:37,2026-04-25,70,guardado,
https://indomet.gob.do/wp-content/uploads/2026/04/Temperaturas-extremas-y-precipitaciones-28-de-Abril-2026.pdf,2026-04-29T16:17:33,2026-04-28,91,guardado,
https://indomet.gob.do/wp-content/uploads/2026/05/Temperaturas-extremas-y-precipitaciones-30-de-Abril-2026.pdf,2026-05-01T15:47:33,2026-04-30,93,guardado,
https://indomet.gob.do/wp-content/uploads/2026/05/Temperaturas-extremas-y-precipitaciones-01-de-Mayo-2026.pdf,2026-05-02T18:22:42,2026-05-01,75,guardado,
https://indomet.gob.do/wp-content/uploads/2026/05/Temperaturas-extremas-y-precipitaciones-02-de-Mayo-2026.pdf,2026-05-03T15:00:03,2026-05-02,86,guardado,
https://indomet.gob.do/wp-content/uploads/2026/05/Temperaturas-extremas-y-precipitaciones-03-de-Mayo-2026.pdf,2026-05-04T17:06:54,2026-05-03,82,guardado,
https://indomet.gob.do/wp-content/uploads/2026/05/Temperaturas-extremas-y-precipitaciones-04-de-Mayo-2026.pdf,2026-05-05T15:56:58,2026-05-04,97,guardado,
https://indomet.gob.do/wp-content/uploads/2026/05/temperaturas-extremas-y-precipitaciones-2026x05x05.pdf,2026-05-06T16:05:01,2026-05-05,97,guardado,
https://indomet.gob.do/wp-content/uploads/2026/05/temperaturas-extremas-y-precipitaciones-2026x05x06.pdf,2026-05-07T14:51:39,2026-05-06,97,guardado,
https://indomet.gob.do/wp-content/uploads/2026/05/temperaturas-extremas-y-precipitaciones-2026x05x07.pdf,2026-05-08T15:44:52,2026-05-07,69,guardado,
https://indomet.gob.do/wp-content/uploads/2026/05/temperaturas-extremas-y-precipitaciones-2026x05x07-1.pdf,2026-05-08T15:45:12,2026-05-07,69,guardado,
https://indomet.gob.do/wp-content/uploads/2026/05/Temperaturas-extremas-y-precipitaciones-08-de-Mayo-2026.pdf,2026-05-09T14:53:02,2026-05-08,86,guardado,
https://indomet.gob.do/wp-content/uploads/2026/05/temperaturas-extremas-y-precipitaciones-2026x05x09.pdf,2026-05-10T16:41:48,2026-05-09,78,guardado,
https://indomet.gob.do/wp-content/uploads/2026/05/temperaturas-extremas-y-precipitaciones-2026x05x10.pdf,2026-05-11T15:09:50,2026-05-10,98,guardado,
https://indomet.gob.do/wp-content/uploads/2026/05/temperaturas-extremas-y-precipitaciones-2026x05x11.pdf,2026-05-12T18:28:25,2026-05-11,95,guardado,
https://indomet.gob.do/wp-content/uploads/2026/05/temperaturas-extremas-y-precipitaciones-2026x05x12.pdf,2026-05-13T14:38:42,2026-05-12,96,guardado,
https://indomet.gob.do/wp-content/uploads/2026/05/temperaturas-extremas-y-precipitaciones-2026x05x13.pdf,2026-05-14T15:43:51,2026-05-13,88,guardado,
https://indomet.gob.do/wp-content/uploads/2026/05/temperaturas-extremas-y-precipitaciones-2026x05x13-1.pdf,2026-05-14T15:47:10,2026-05-13,88,guardado,
https://indomet.gob.do/wp-content/uploads/2026/05/temperaturas-extremas-y-precipitaciones-2026x05x14-a.pdf,2026-05-15T15:09:51,2026-05-14,87,guardado,
https://indomet.gob.do/wp-content/uploads/2026/05/temperaturas-extremas-y-precipitaciones-2026x05x15-b.pdf,2026-05-16T17:20:37,2026-05-15,84,guardado,
https://indomet.gob.do/wp-content/uploads/2026/05/temperaturas-extremas-y-precipitaciones-2026x05x16-a.pdf,2026-05-17T14:17:49,2026-05-16,86,guardado,
https://indomet.gob.do/wp-content/uploads/2026/05/temperaturas-extremas-y-precipitaciones-2026x05x18-a.pdf,2026-05-18T19:02:09,2026-05-17,89,guardado,
https://indomet.gob.do/wp-content/uploads/2026/05/temperaturas-extremas-y-precipitaciones-2026x05x18-a-1.pdf,2026-05-19T14:41:22,2026-05-18,96,guardado,
https://indomet.gob.do/wp-content/uploads/2026/05/temperaturas-extremas-y-precipitaciones-2026x05x20-a.pdf,2026-05-21T15:15:43,2026-05-20,94,guardado,
https://indomet.gob.do/wp-content/uploads/2026/05/temperaturas-extremas-y-precipitaciones-2026x05x22-a.pdf,2026-05-23T14:21:08,2026-05-22,83,guardado,
https://indomet.gob.do/wp-content/uploads/2026/05/temperaturas-extremas-y-precipitaciones-2026x05x23-a.pdf,2026-05-24T14:57:16,2026-05-23,80,guardado,
https://indomet.gob.do/wp-content/uploads/2026/05/temperaturas-extremas-y-precipitaciones-2026x05x24-b.pdf,2026-05-25T15:13:11,2026-05-24,109,guardado,
https://indomet.gob.do/wp-content/uploads/2026/05/temperaturas-extremas-y-precipitaciones-2026x05x25-b.pdf,2026-05-26T19:10:55,2026-05-25,89,guardado,
https://indomet.gob.do/wp-content/uploads/2026/05/temperaturas-extremas-y-precipitaciones-2026x05x26-a.pdf,2026-05-27T15:23:01,2026-05-26,103,guardado,
https://indomet.gob.do/wp-content/uploads/2026/05/temperaturas-extremas-y-precipitaciones-2026x05x28-a.pdf,2026-05-29T14:34:22,2026-05-28,80,guardado,
https://indomet.gob.do/wp-content/uploads/2026/05/temperaturas-extremas-y-precipitaciones-2026x05x27-a.pdf,2026-05-29T14:41:08,2026-05-27,94,guardado,
https://indomet.gob.do/wp-content/uploads/2026/05/temperaturas-extremas-y-precipitaciones-2026x05x29-a.pdf,2026-05-30T18:21:57,2026-05-29,78,guardado,
https://indomet.gob.do/wp-content/uploads/2026/05/temperaturas-extremas-y-precipitaciones-2026x05x30-a.pdf,2026-05-31T15:03:33,2026-05-30,78,guardado,
https://indomet.gob.do/wp-content/uploads/2026/06/temperaturas-extremas-y-precipitaciones-2026x06x01-a.pdf,2026-06-02T15:46:56,2026-06-01,84,guardado,
https://indomet.gob.do/wp-content/uploads/2026/06/temperaturas-extremas-y-precipitaciones-2026x06x02-a.pdf,2026-06-03T19:49:18,2026-06-02,81,guardado,
https://indomet.gob.do/wp-content/uploads/2026/06/temperaturas-extremas-y-precipitaciones-2026x06x03-a.pdf,2026-06-04T14:43:49,2026-06-03,79,guardado,
https://indomet.gob.do/wp-content/uploads/2026/06/temperaturas-extremas-y-precipitaciones-2026x06x05-a.pdf,2026-06-06T14:40:59,2026-06-05,84,guardado,
https://indomet.gob.do/wp-content/uploads/2026/06/temperaturas-extremas-y-precipitaciones-2026x06x04-a.pdf,2026-06-06T14:45:33,2026-06-04,78,guardado,
https://indomet.gob.do/wp-content/uploads/2026/06/temperaturas-extremas-y-precipitaciones-2026x06x06-a.pdf,2026-06-07T17:50:55,2026-06-06,72,guardado,
https://indomet.gob.do/wp-content/uploads/2026/06/temperaturas-extremas-y-precipitaciones-2026x06x07-a.pdf,2026-06-08T15:36:39,2026-06-07,87,guardado,
https://indomet.gob.do/wp-content/uploads/2026/06/temperaturas-extremas-y-precipitaciones-2026x06x08-a.pdf,2026-06-09T19:42:51,2026-06-08,75,guardado,
https://indomet.gob.do/wp-content/uploads/2026/06/temperaturas-extremas-y-precipitaciones-2026x06x09-a.pdf,2026-06-10T15:11:07,2026-06-09,86,guardado,
https://indomet.gob.do/wp-content/uploads/2026/06/temperaturas-extremas-y-precipitaciones-2026x06x09-b.pdf,2026-06-11T19:34:20,2026-06-09,86,guardado,
https://indomet.gob.do/wp-content/uploads/2026/06/temperaturas-extremas-y-precipitaciones-2026x06x11-a.pdf,2026-06-12T14:48:32,2026-06-11,87,guardado,
https://indomet.gob.do/wp-content/uploads/2026/06/temperaturas-extremas-y-precipitaciones-2026x06x10-a.pdf,2026-06-12T16:51:37,2026-06-10,87,guardado,
https://indomet.gob.do/wp-content/uploads/2026/06/temperaturas-extremas-y-precipitaciones-2026x06x12-a.pdf,2026-06-13T18:30:27,2026-06-12,72,guardado,
https://indomet.gob.do/wp-content/uploads/2026/06/temperaturas-extremas-y-precipitaciones-2026x06x13-a.pdf,2026-06-14T14:59:10,2026-06-13,76,guardado,
https://indomet.gob.do/wp-content/uploads/2026/06/temperaturas-extremas-y-precipitaciones-2026x06x14-a.pdf,2026-06-15T17:41:13,2026-06-14,79,guardado,
https://indomet.gob.do/wp-content/uploads/2026/06/temperaturas-extremas-y-precipitaciones-2026x06x15-a.pdf,2026-06-18T14:51:30,2026-06-15,84,guardado,
https://indomet.gob.do/wp-content/uploads/2026/06/temperaturas-extremas-y-precipitaciones-2026x06x17-a.pdf,2026-06-18T14:51:32,2026-06-17,86,guardado,
https://indomet.gob.do/wp-content/uploads/2026/06/temperaturas-extremas-y-precipitaciones-2026x06x16-a.pdf,2026-06-18T14:54:07,2026-06-16,88,guardado,
https://indomet.gob.do/wp-content/uploads/2026/06/temperaturas-extremas-y-precipitaciones-2026x06x18-a.pdf,2026-06-19T19:19:03,,0,ignorado,el documento no trae la tabla diaria
https://indomet.gob.do/wp-content/uploads/2026/06/temperaturas-extremas-y-precipitaciones-2026x06x19-a.pdf,2026-06-20T14:43:09,2026-06-19,78,guardado,
https://indomet.gob.do/wp-content/uploads/2026/06/temperaturas-extremas-y-precipitaciones-2026x06x20-a.pdf,2026-06-21T17:34:33,2026-06-20,74,guardado,
https://indomet.gob.do/wp-content/uploads/2026/06/temperaturas-extremas-y-precipitaciones-2026x06x21-a.pdf,2026-06-22T14:46:12,2026-06-21,87,guardado,
https://indomet.gob.do/wp-content/uploads/2026/06/temperaturas-extremas-y-precipitaciones-2026x06x22-1.pdf,2026-06-23T19:20:18,2026-06-22,77,guardado,
https://indomet.gob.do/wp-content/uploads/2026/06/temperaturas-extremas-y-precipitaciones-2026x06x23-a.pdf,2026-06-24T14:35:18,2026-06-23,87,guardado,
https://indomet.gob.do/wp-content/uploads/2026/06/temperaturas-extremas-y-precipitaciones-2026x06x24-a.pdf,2026-06-25T19:31:45,2026-06-24,92,guardado,
https://indomet.gob.do/wp-content/uploads/2026/06/temperaturas-extremas-y-precipitaciones-2026x06x25-a.pdf,2026-06-26T14:46:47,2026-06-25,96,guardado,
https://indomet.gob.do/wp-content/uploads/2026/06/temperaturas-extremas-y-precipitaciones-2026x06x26-a.pdf,2026-06-27T16:06:29,2026-06-26,78,guardado,
https://indomet.gob.do/wp-content/uploads/2026/06/temperaturas-extremas-y-precipitaciones-2026x06x27-a.pdf,2026-06-28T14:41:56,2026-06-27,87,guardado,
https://indomet.gob.do/wp-content/uploads/2026/06/temperaturas-extremas-y-precipitaciones-2026x06x28-a.pdf,2026-06-30T14:38:59,2026-06-28,72,guardado,
https://indomet.gob.do/wp-content/uploads/2026/06/temperaturas-extremas-y-precipitaciones-2026x06x29-a.pdf,2026-06-30T14:39:05,2026-06-29,93,guardado,
https://indomet.gob.do/wp-content/uploads/2026/07/temperaturas-extremas-y-precipitaciones-2026x07x01-a.pdf,2026-07-02T15:01:12,2026-07-01,96,guardado,
https://indomet.gob.do/wp-content/uploads/2026/07/temperaturas-extremas-y-precipitaciones-2026x07x03-a.pdf,2026-07-04T14:44:31,2026-07-03,81,guardado,
https://indomet.gob.do/wp-content/uploads/2026/07/temperaturas-extremas-y-precipitaciones-2026x07x02-a.pdf,2026-07-04T17:48:23,2026-07-02,93,guardado,
https://indomet.gob.do/wp-content/uploads/2026/07/temperaturas-extremas-y-precipitaciones-2026x06x30-a.pdf,2026-07-04T17:49:00,2026-06-30,92,guardado,
https://indomet.gob.do/wp-content/uploads/2026/07/temperaturas-extremas-y-precipitaciones-2026x06x30-a-1.pdf,2026-07-04T17:49:31,2026-06-30,92,guardado,
https://indomet.gob.do/wp-content/uploads/2026/07/temperaturas-extremas-y-precipitaciones-2026x07x04-a.pdf,2026-07-05T16:00:56,2026-07-04,82,guardado,
https://indomet.gob.do/wp-content/uploads/2026/07/temperaturas-extremas-y-precipitaciones-2026x07x05-a.pdf,2026-07-06T15:16:16,2026-07-05,97,guardado,
https://indomet.gob.do/wp-content/uploads/2026/07/temperaturas-extremas-y-precipitaciones-2026x07x07-a.pdf,2026-07-08T15:38:22,2026-07-07,90,guardado,
https://indomet.gob.do/wp-content/uploads/2026/07/temperaturas-extremas-y-precipitaciones-2026x07x06-a.pdf,2026-07-08T15:40:46,2026-07-06,88,guardado,
https://indomet.gob.do/wp-content/uploads/2026/07/temperaturas-extremas-y-precipitaciones-2026x07x08-a.pdf,2026-07-10T14:31:41,2026-07-08,95,guardado,
https://indomet.gob.do/wp-content/uploads/2026/07/temperaturas-extremas-y-precipitaciones-2026x07x09-a.pdf,2026-07-10T14:31:43,2026-07-09,87,guardado,
https://indomet.gob.do/wp-content/uploads/2026/07/temperaturas-extremas-y-precipitaciones-2026x07x10-a.pdf,2026-07-11T16:37:12,2026-07-10,81,guardado,
https://indomet.gob.do/wp-content/uploads/2026/07/temperaturas-extremas-y-precipitaciones-2026x07x11-a.pdf,2026-07-12T14:27:59,2026-07-11,80,guardado,
https://indomet.gob.do/wp-content/uploads/2026/07/temperaturas-extremas-y-precipitaciones-2026x07x12-a.pdf,2026-07-13T19:19:02,2026-07-12,77,guardado,
https://indomet.gob.do/wp-content/uploads/2026/07/temperaturas-extremas-y-precipitaciones-2026x07x13-a.pdf,2026-07-14T14:55:34,2026-07-13,87,guardado,
https://indomet.gob.do/wp-content/uploads/2026/07/temperaturas-extremas-y-precipitaciones-2026x07x12-a-1.pdf,2026-07-14T14:55:56,2026-07-12,77,guardado,
https://indomet.gob.do/wp-content/uploads/2026/07/temperaturas-extremas-y-precipitaciones-2026x07x12-b.pdf,2026-07-14T14:58:37,2026-07-12,77,guardado,
https://indomet.gob.do/wp-content/uploads/2026/07/temperaturas-extremas-y-precipitaciones-2026x07x14-a.pdf,2026-07-15T17:06:45,2026-07-14,89,guardado,
https://indomet.gob.do/wp-content/uploads/2026/07/temperaturas-extremas-y-precipitaciones-2026x07x15-a.pdf,2026-07-16T14:33:51,2026-07-15,93,guardado,
https://indomet.gob.do/wp-content/uploads/2026/07/temperaturas-extremas-y-precipitaciones-2026x07x16-a.pdf,2026-07-18T14:37:13,2026-07-16,91,guardado,
https://indomet.gob.do/wp-content/uploads/2026/07/temperaturas-extremas-y-precipitaciones-2026x07x17-a.pdf,2026-07-18T14:37:20,2026-07-17,82,guardado,
https://indomet.gob.do/wp-content/uploads/2026/07/temperaturas-extremas-y-precipitaciones-2026x07x16-b.pdf,2026-07-18T16:45:58,2026-07-16,92,guardado,
https://indomet.gob.do/wp-content/uploads/2026/07/temperaturas-extremas-y-precipitaciones-2026x07x18-a.pdf,2026-07-19T17:00:23,2026-07-18,84,guardado,
https://indomet.gob.do/wp-content/uploads/2026/07/temperaturas-extremas-y-precipitaciones-2026x07x19-a.pdf,2026-07-20T14:47:17,2026-07-19,91,guardado,
https://indomet.gob.do/wp-content/uploads/2026/07/temperaturas-extremas-y-precipitaciones-2026x07x20-a.pdf,2026-07-21T19:40:58,2026-07-20,86,guardado,
https://indomet.gob.do/wp-content/uploads/2026/07/temperaturas-extremas-y-precipitaciones-2026x07x21-a.pdf,2026-07-22T14:35:07,2026-07-21,86,guardado,
https://indomet.gob.do/wp-content/uploads/2026/07/temperaturas-extremas-y-precipitaciones-2026x07x22-a.pdf,2026-07-23T16:01:02,2026-07-22,90,guardado,
https://indomet.gob.do/wp-content/uploads/2026/07/temperaturas-extremas-y-precipitaciones-2026x07x23-a.pdf,2026-07-24T14:23:02,2026-07-23,85,guardado,
https://indomet.gob.do/wp-content/uploads/2026/07/temperaturas-extremas-y-precipitaciones-2026x07x24-a.pdf,2026-07-25T16:37:35,2026-07-24,83,guardado,
https://indomet.gob.do/wp-content/uploads/2026/07/temperaturas-extremas-y-precipitaciones-2026x07x25-a.pdf,2026-07-26T14:30:41,2026-07-25,75,guardado,
https://indomet.gob.do/wp-content/uploads/2026/07/temperaturas-extremas-y-precipitaciones-2026x07x26-a.pdf,2026-07-27T19:18:02,2026-07-26,92,guardado,
https://indomet.gob.do/wp-content/uploads/2026/07/temperaturas-extremas-y-precipitaciones-2026x07x25-a-1.pdf,2026-07-28T15:26:57,2026-07-25,75,guardado,
https://indomet.gob.do/wp-content/uploads/2026/07/temperaturas-extremas-y-precipitaciones-2026x07x27-a.pdf,2026-07-28T15:26:59,2026-07-27,87,guardado,
https://indomet.gob.do/wp-content/uploads/2026/07/temperaturas-extremas-y-precipitaciones-2026x07x28-a.pdf,2026-07-29T19:37:12,2026-07-28,90,guardado,
https://indomet.gob.do/wp-content/uploads/2026/07/temperaturas-extremas-y-precipitaciones-2026x07x29-a.pdf,2026-07-30T15:16:13,2026-07-29,87,guardado,
https://indomet.gob.do/wp-content/uploads/2026/08/temperaturas-extremas-y-precipitaciones-2026x07x31-a.pdf,2026-08-01T14:52:22,2026-07-31,79,guardado,
https://indomet.gob.do/wp-content/uploads/2026/08/Temperaturas-extremas-y-precipitaciones-de-Agosto-2026-X08X01.pdf,2026-08-02T15:59:59,2026-08-01,80,guardado,
https://indomet.gob.do/wp-content/uploads/2026/08/temperaturas-extremas-y-precipitaciones-2026x08x02-a.pdf,2026-08-03T14:36:30,2026-08-02,93,guardado,
https://indomet.gob.do/wp-content/uploads/2026/08/temperaturas-extremas-y-precipitaciones-2026x08x03-a.pdf,2026-08-04T19:29:55,2026-08-03,89,guardado,
https://indomet.gob.do/wp-content/uploads/2026/08/temperaturas-extremas-y-precipitaciones-2026x08x04-a.pdf,2026-08-05T14:26:34,2026-08-04,87,guardado,
https://indomet.gob.do/wp-content/uploads/2026/08/temperaturas-extremas-y-precipitaciones-2026x08x05-a.pdf,2026-08-06T16:26:04,2026-08-05,98,guardado,
https://indomet.gob.do/wp-content/uploads/2026/08/temperaturas-extremas-y-precipitaciones-2026x08x06-a.pdf,2026-08-07T16:12:04,2026-08-06,97,guardado,
https://indomet.gob.do/wp-content/uploads/2026/08/temperaturas-extremas-y-precipitaciones-2026x08x07-a.pdf,2026-08-08T17:01:42,2026-08-07,86,guardado,
https://indomet.gob.do/wp-content/uploads/2026/08/temperaturas-extremas-y-precipitaciones-2026x08x08-a.pdf,2026-08-09T14:42:59,2026-08-08,81,guardado,
https://indomet.gob.do/wp-content/uploads/2026/08/temperaturas-extremas-y-precipitaciones-2026x08x10.pdf,2026-08-10T19:31:40,2026-08-09,92,guardado,
https://indomet.gob.do/wp-content/uploads/2026/08/temperaturas-extremas-y-precipitaciones-2026x08x10-1.pdf,2026-08-11T14:39:41,2026-08-10,87,guardado,
https://indomet.gob.do/wp-content/uploads/2026/08/temperaturas-extremas-y-precipitaciones-2026x08x10-a.pdf,2026-08-11T15:18:29,2026-08-10,87,guardado,
https://indomet.gob.do/wp-content/uploads/2026/08/temperaturas-extremas-y-precipitaciones-2026x08x11-a.pdf,2026-08-12T18:17:59,2026-08-11,95,guardado,
https://indomet.gob.do/wp-content/uploads/2026/08/temperaturas-extremas-y-precipitaciones-2026x08x12-a.pdf,2026-08-13T14:45:30,2026-08-12,91,guardado,
https://indomet.gob.do/wp-content/uploads/2026/08/temperaturas-extremas-y-precipitaciones-2026x08x13-a.pdf,2026-08-14T19:32:07,2026-08-13,89,guardado,
https://indomet.gob.do/wp-content/uploads/2026/08/temperaturas-extremas-y-precipitaciones-2026x08x14-a.pdf,2026-08-15T14:56:30,2026-08-14,82,guardado,
https://indomet.gob.do/wp-content/uploads/2026/08/temperaturas-extremas-y-precipitaciones-2026x08x15-a.pdf,2026-08-16T17:35:52,2026-08-15,83,guardado,
https://indomet.gob.do/wp-content/uploads/2026/08/temperaturas-extremas-y-precipitaciones-2026x08x16-a.pdf,2026-08-17T14:41:55,2026-08-16,87,guardado,
https://indomet.gob.do/wp-content/uploads/2026/08/temperaturas-extremas-y-precipitaciones-2026x08x19-a.pdf,2026-08-20T19:41:52,2026-08-19,89,guardado,
https://indomet.gob.do/wp-content/uploads/2026/08/temperaturas-extremas-y-precipitaciones-2026x08x20-a.pdf,2026-08-21T14:36:43,2026-08-20,87,guardado,
https://indomet.gob.do/wp-content/uploads/2026/08/temperaturas-extremas-y-precipitaciones-2026x08x17-a.pdf,2026-08-21T14:37:25,2026-08-17,86,guardado,
https://indomet.gob.do/wp-content/uploads/2026/08/temperaturas-extremas-y-precipitaciones-2026x08x18-a.pdf,2026-08-21T14:37:27,2026-08-18,86,guardado,
https://indomet.gob.do/wp-content/uploads/2026/08/temperaturas-extremas-y-precipitaciones-2026x08x21-a.pdf,2026-08-22T15:04:00,2026-08-21,80,guardado,
https://indomet.gob.do/wp-content/uploads/2026/08/temperaturas-extremas-y-precipitaciones-2026x08x22-a.pdf,2026-08-25T14:59:18,2026-08-22,81,guardado,
https://indomet.gob.do/wp-content/uploads/2026/08/temperaturas-extremas-y-precipitaciones-2026x08x24-a.pdf,2026-08-25T14:59:20,2026-08-24,87,guardado,
https://indomet.gob.do/wp-content/uploads/2026/08/temperaturas-extremas-y-precipitaciones-2026x08x26-a.pdf,2026-08-27T16:32:10,2026-08-26,87,guardado,
https://indomet.gob.do/wp-content/uploads/2026/08/temperaturas-extremas-y-precipitaciones-2026x08x25-a.pdf,2026-08-27T16:44:42,,0,ignorado,el documento no trae la tabla diaria
https://indomet.gob.do/wp-content/uploads/2026/08/temperaturas-extremas-y-precipitaciones-2026x08x25.pdf,2026-08-27T16:46:52,2026-08-25,90,guardado,
https://indomet.gob.do/wp-content/uploads/2026/08/temperaturas-extremas-y-precipitaciones-2026x08x27-a.pdf,2026-08-29T14:43:38,2026-08-27,90,guardado,
https://indomet.gob.do/wp-content/uploads/2026/08/temperaturas-extremas-y-precipitaciones-2026x08x28-a.pdf,2026-08-29T14:43:40,2026-08-28,85,guardado,
https://indomet.gob.do/wp-content/uploads/2026/08/temperaturas-extremas-y-precipitaciones-2026x08x29-a.pdf,2026-08-30T17:12:19,2026-08-29,83,guardado,
https://indomet.gob.do/wp-content/uploads/2026/08/temperaturas-extremas-y-precipitaciones-2026x08x30-a.pdf,2026-08-31T14:47:34,2026-08-30,102,guardado,
https://indomet.gob.do/wp-content/uploads/2026/09/temperaturas-extremas-y-precipitaciones-2026x09x01-a.pdf,2026-09-02T14:34:44,2026-09-01,98,guardado,
https://indomet.gob.do/wp-content/uploads/2026/09/temperaturas-extremas-y-precipitaciones-2026x08x31-a.pdf,2026-09-02T14:35:04,2026-08-31,100,guardado,
https://indomet.gob.do/wp-content/uploads/2026/09/temperaturas-extremas-y-precipitaciones-2026x09x02-a.pdf,2026-09-04T14:39:14,2026-09-02,90,guardado,
https://indomet.gob.do/wp-content/uploads/2026/09/temperaturas-extremas-y-precipitaciones-2026x09x03-a-1.pdf,2026-09-04T14:39:16,2026-09-03,98,guardado,
https://indomet.gob.do/wp-content/uploads/2026/09/temperaturas-extremas-y-precipitaciones-2026x09x04-a.pdf,2026-09-05T15:09:12,2026-09-04,82,guardado,
https://indomet.gob.do/wp-content/uploads/2026/09/temperaturas-extremas-y-precipitaciones-2026x09x05-a.pdf,2026-09-06T14:31:43,2026-09-05,82,guardado,
https://indomet.gob.do/wp-content/uploads/2026/09/temperaturas-extremas-y-precipitaciones-2026x09x06-a.pdf,2026-09-08T15:00:39,2026-09-06,95,guardado,
https://indomet.gob.do/wp-content/uploads/2026/09/temperaturas-extremas-y-precipitaciones-2026x09x07-a.pdf,2026-09-08T15:00:40,2026-09-07,97,guardado,
https://indomet.gob.do/wp-content/uploads/2026/09/temperaturas-extremas-y-precipitaciones-2026x09x08-a.pdf,2026-09-09T15:42:07,2026-09-08,93,guardado,
https://indomet.gob.do/wp-content/uploads/2026/09/temperaturas-extremas-y-precipitaciones-2026x09x09-a.pdf,2026-09-10T14:46:07,2026-09-09,99,guardado,
https://indomet.gob.do/wp-content/uploads/2026/09/temperaturas-extremas-y-precipitaciones-2026x09x10-a.pdf,2026-09-11T14:56:22,2026-09-10,93,guardado,
https://indomet.gob.do/wp-content/uploads/2026/09/temperaturas-extremas-y-precipitaciones-2026x09x11-a.pdf,2026-09-12T14:34:27,2026-09-11,81,guardado,
https://indomet.gob.do/wp-content/uploads/2026/09/temperaturas-extremas-y-precipitaciones-2026x09x12-a.pdf,2026-09-13T16:17:14,2026-09-12,81,guardado,
https://indomet.gob.do/wp-content/uploads/2026/09/temperaturas-extremas-y-precipitaciones-2026x09x13-a.pdf,2026-09-14T14:28:47,2026-09-13,94,guardado,
https://indomet.gob.do/wp-content/uploads/2026/09/temperaturas-extremas-y-precipitaciones-2026x09x16-a.pdf,2026-09-17T15:16:04,2026-09-16,94,guardado,
https://indomet.gob.do/wp-content/uploads/2026/09/temperaturas-extremas-y-precipitaciones-2026x09x17-a.pdf,2026-09-18T14:33:20,2026-09-17,99,guardado,
https://indomet.gob.do/wp-content/uploads/2026/09/temperaturas-extremas-y-precipitaciones-2026x09x18-a.pdf,2026-09-19T15:04:22,2026-09-18,83,guardado,
https://indomet.gob.do/wp-content/uploads/2026/09/temperaturas-extremas-y-precipitaciones-2026x09x19-a.pdf,2026-09-20T14:43:49,2026-09-19,86,guardado,
https://indomet.gob.do/wp-content/uploads/2026/09/temperaturas-extremas-y-precipitaciones-2026x09x20-a.pdf,2026-09-21T17:42:22,2026-09-20,97,guardado,
https://indomet.gob.do/wp-content/uploads/2026/09/temperaturas-extremas-y-precipitaciones-2026x09x20-a-1.pdf,2026-09-21T17:42:56,2026-09-20,97,guardado,
https://indomet.gob.do/wp-content/uploads/2026/09/temperaturas-extremas-y-precipitaciones-2026x09x21-a.pdf,2026-09-22T14:40:54,2026-09-21,101,guardado,
